rank	molecularFormula	adduct	precursorFormula	SiriusScore	TreeScore	IsotopeScore	numExplainedPeaks	explainedIntensity	medianMassErrorFragmentPeaks(ppm)	medianAbsoluteMassErrorFragmentPeaks(ppm)	massErrorPrecursor(ppm)	lipidClass
1	C8H14O2	[M - H]-	C8H14O2	10.903692271170998	10.903692271170998	0.0	3	0.8306858168761221	1.7051490579045867	3.2444239957256142	3.3082116976994524	
2	C6H12N3O	[M - H]-	C6H12N3O	-3.0294899468188143	-3.0294899468188143	0.0	2	0.6247396768402154	7.232953755801471	7.232953755801471	12.82454554864512	
