rank	molecularFormula	adduct	precursorFormula	SiriusScore	TreeScore	IsotopeScore	numExplainedPeaks	explainedIntensity	medianMassErrorFragmentPeaks(ppm)	medianAbsoluteMassErrorFragmentPeaks(ppm)	massErrorPrecursor(ppm)	lipidClass
1	C8H12O3	[M - H]-	C8H12O3	95.31838260055721	92.59682271191113	2.7215598886460812	17	0.9493551837071006	2.5163774609792537	2.5163774609792537	2.529203838105863	
2	C6H10N3O2	[M - H]-	C6H10N3O2	46.02858746403991	44.65630295396198	1.3722845100779248	10	0.5151872027165929	1.5329810335343965	1.884858358016853	11.187672665566769	
