rank	molecularFormula	adduct	precursorFormula	SiriusScore	TreeScore	IsotopeScore	numExplainedPeaks	explainedIntensity	medianMassErrorFragmentPeaks(ppm)	medianAbsoluteMassErrorFragmentPeaks(ppm)	massErrorPrecursor(ppm)	lipidClass
1	C7H10O2	[M - H]-	C7H10O2	45.507339852564456	42.71214003842889	2.795199814135562	9	0.965637684943724	0.994293629599429	2.6420693468642726	2.6138584429971505	
2	C5H8N3O	[M - H]-	C5H8N3O	-0.567315137865382	-1.7011286743682712	1.1338135365028892	4	0.3490659133837707	5.370116432175187	7.952096764554701	13.35008000126966	
