rank	molecularFormula	adduct	precursorFormula	SiriusScore	TreeScore	IsotopeScore	numExplainedPeaks	explainedIntensity	medianMassErrorFragmentPeaks(ppm)	medianAbsoluteMassErrorFragmentPeaks(ppm)	massErrorPrecursor(ppm)	lipidClass
1	C7H8O2	[M - H]-	C7H8O2	15.11849921938932	15.11849921938932	0.0	4	1.0	1.6933115537481616	3.267422478798455	3.2260905862939118	
2	C3H11NO2P	[M - H]-	C3H11NO2P	2.6630145094529656	2.6630145094529656	0.0	2	0.44629778586850677	0.5665234038212195	0.5665234038212195	0.7007981235023447	
3	C2H10N3OS	[M - H]-	C2H10N3OS	-1.6086703243197062	-1.6086703243197062	0.0	1	0.0	-13.283600660949427	13.283600660949427	-13.2592191221011	
4	H8N6S	[M - H]-	H8N6S	-3.3631342810419635	-3.3631342810419635	0.0	1	0.0	-2.3715113352486754	2.3715113352486754	-2.3471300624503453	
5	C5H6N3O	[M - H]-	C5H6N3O	-4.559113067792952	-4.559113067792952	0.0	1	0.0	14.11379877519372	14.11379877519372	14.138179646060161	
6	CH9N4OP	[M - H]-	CH9N4OP	-5.0026401044247715	-5.0026401044247715	0.0	1	0.0	11.58850625071696	11.58850625071696	11.6128871831531	
