rank	molecularFormula	adduct	precursorFormula	SiriusScore	TreeScore	IsotopeScore	numExplainedPeaks	explainedIntensity	medianMassErrorFragmentPeaks(ppm)	medianAbsoluteMassErrorFragmentPeaks(ppm)	massErrorPrecursor(ppm)	lipidClass
1	C8H12O5	[M - H2O - H]-	C8H10O4	69.29475949840102	66.19600385299394	3.0987556454070813	17	0.9514341715881578	1.3738863376179478	2.6189800255388747	-106537.39024778886	
2	C9H8N4O	[M - H2O - H]-	C9H6N4	2.5206081292842644	0.496727456657041	2.0238806726272234	2	0.0	-6.12679199654869	6.12679199654869	-106545.30142486306	
3	C6H10N3O4	[M - H2O - H]-	C6H8N3O3	-1.9682743538093206	-3.104962200814425	1.1366878470051045	10	0.13171447238627193	-2.077634534388916	3.256173098363617	-106529.44776654278	
4	C5H11N5OP	[M - H2O - H]-	C5H9N5P	-7.585385192955389	-8.90189063078871	1.3165054378333205	2	0.0	-7.9648534177843375	7.9648534177843375	-106547.13948611017	
