rank	molecularFormula	adduct	precursorFormula	SiriusScore	TreeScore	IsotopeScore	numExplainedPeaks	explainedIntensity	medianMassErrorFragmentPeaks(ppm)	medianAbsoluteMassErrorFragmentPeaks(ppm)	massErrorPrecursor(ppm)	lipidClass
1	C7H10O6	[M - H]-	C7H10O6	115.24597843667254	110.1015522492967	5.144426187375841	27	0.906753771466879	1.1909310696340203	2.486381396472348	1.4198638068553204	
2	C5H8N3O5	[M - H]-	C5H8N3O5	45.65375603811183	42.55356870094884	3.1001873371629896	18	0.6112228416141381	-1.284325468116135	3.188842244790665	8.522481322030485	
3	C8H6N4O2	[M - H]-	C8H6N4O2	39.52616951467053	35.90318575111438	3.6229837635561473	15	0.5930572615078666	-5.807720925020221	5.807720925020221	-5.654759741258334	
4	C4H9N5O2P	[M - H]-	C4H9N5O2P	11.435022556755676	8.534163773470556	2.90085878328512	8	0.41626961095288856	-5.66893969487929	5.66893969487929	-7.298458429944385	
5	C6H4N7O	[M - H]-	C6H4N7O	10.437972532245187	7.141745035347062	3.296227496898124	5	0.25000112480372166	13.008356848991216	13.008356848991216	1.4478577739168306	
6	C2H7N8OP	[M - H]-	C2H7N8OP	-0.7879272041756904	-0.8937633178459459	0.10583611367025547	5	0.2518907950562626	13.366132194978254	13.366132194978254	-0.19584091461887307	
7	C4H2N10	[M - H]-	C4H2N10	-2.828521908862309	-2.828521908862309	0.0	1	0.0	8.444678876412311	8.444678876412311	8.550475289242343	
8	H5N11P	[M - H]-	H5N11P	-14.10855035032749	-14.10855035032749	0.0	1	0.0	6.800980013977695	6.800980013977695	6.906776600706639	
