rank	molecularFormula	adduct	precursorFormula	SiriusScore	TreeScore	IsotopeScore	numExplainedPeaks	explainedIntensity	medianMassErrorFragmentPeaks(ppm)	medianAbsoluteMassErrorFragmentPeaks(ppm)	massErrorPrecursor(ppm)	lipidClass
1	C18H34O3	[M - H]-	C18H34O3	4.612177809029175	4.612177809029175	0.0	2	0.41404890557743385	0.6278498686393494	0.6278498686393494	0.6442662507280904	
2	C14H30N6O	[M - H]-	C14H30N6O	-0.11138672787397708	-0.11138672787397708	0.0	1	0.0	9.759237147136291	9.759237147136291	9.678496108832881	
3	C16H32N3O2	[M - H]-	C16H32N3O2	-4.115777640516995	-4.115777640516995	0.0	1	0.0	5.2421225826127404	5.2421225826127404	5.1613811795892515	
4	C21H32N	[M - H]-	C21H32N	-4.504052823460048	-4.504052823460048	0.0	1	0.0	-8.29141753903711	8.29141753903711	-8.372160034783343	
5	C17H35N2P	[M - H]-	C17H35N2P	-4.653649592725268	-4.653649592725268	0.0	1	0.0	-9.336775151215583	9.336775151215583	-9.417517731365901	
6	C6H28N13O	[M - H]-	C6H28N13O	-4.9425160802087245	-4.9425160802087245	0.0	1	0.0	-9.98192247648612	9.98192247648612	-10.062665108726813	
7	C4H26N16	[M - H]-	C4H26N16	-5.789889920679599	-5.789889920679599	0.0	1	0.0	-5.46480791234504	5.46480791234504	-5.545550179865652	
