rank	molecularFormula	adduct	precursorFormula	SiriusScore	TreeScore	IsotopeScore	numExplainedPeaks	explainedIntensity	medianMassErrorFragmentPeaks(ppm)	medianAbsoluteMassErrorFragmentPeaks(ppm)	massErrorPrecursor(ppm)	lipidClass
1	C11H20O6	[M - H2O - H]-	C11H18O5	54.69901291059283	51.34065347967267	3.358359430920163	18	0.9383941451277773	2.3067144850989765	2.3067144850989765	-78610.86273086058	
2	C9H18N3O5	[M - H2O - H]-	C9H16N3O4	15.713039604972252	13.640702948832782	2.07233665613947	13	0.6886687576924603	2.5147984942806767	2.5147984942806767	-78605.0022537789	
3	C12H16N4O2	[M - H2O - H]-	C12H14N4O	9.298703332971954	7.678765178363596	1.619938154608358	8	0.43818901285054446	0.40584932258225437	2.668533542330086	-78616.70010969687	
4	C12H24OS2	[M - H2O - H]-	C12H22S2	-0.888855964823487	-0.888855964823487	0.0	2	0.0	-3.104435299499679	3.104435299499679	-78614.65581894199	
5	C10H14N7O	[M - H2O - H]-	C10H12N7	-1.5199526741221527	-3.6635852117411165	2.1436325376189638	3	0.11625044665899073	-2.11064470723914	2.8223958178300466	-78610.8396326152	
6	C6H17N8OP	[M - H2O - H]-	C6H15N8P	-3.637122451616232	-5.281402083824177	1.6442796322079447	2	0.0	-0.6444895547540432	0.6444895547540432	-78612.1958732508	
7	C8H19N5O2P	[M - H2O - H]-	C8H17N5OP	-4.153513123410137	-6.361444591864357	2.2079314684542206	6	0.28613305805905154	1.1541740106211789	2.3610634462312676	-78618.05635033261	
