rank	molecularFormula	adduct	precursorFormula	SiriusScore	TreeScore	IsotopeScore	numExplainedPeaks	explainedIntensity	medianMassErrorFragmentPeaks(ppm)	medianAbsoluteMassErrorFragmentPeaks(ppm)	massErrorPrecursor(ppm)	lipidClass
1	C8H14O3	[M - H]-	C8H14O3	57.9290470781586	54.951017084686605	2.978029993471995	12	0.9327959057383217	-1.0038173956559795	3.4589389011668974	2.178049784226211	
2	C6H12N3O2	[M - H]-	C6H12N3O2	23.26231538931974	22.546581903760536	0.7157334855592032	10	0.6014717934137244	-3.245863334147934	4.61767203373241	10.72542113211505	
