rank	molecularFormula	adduct	precursorFormula	SiriusScore	TreeScore	IsotopeScore	numExplainedPeaks	explainedIntensity	medianMassErrorFragmentPeaks(ppm)	medianAbsoluteMassErrorFragmentPeaks(ppm)	massErrorPrecursor(ppm)	lipidClass
1	C12H24O3	[M - H]-	C12H24O3	22.709384003997904	16.93365397136833	5.775730032629573	2	0.8973519145003096	1.7828693192804115	1.7828693192804115	0.6126639811662015	
2	C10H22N3O2	[M - H]-	C10H22N3O2	8.941094407124599	5.151492754209831	3.789601652914768	2	0.8973519145003096	4.902990556965294	4.902990556965294	6.8529052094468605	
