rank	molecularFormula	adduct	precursorFormula	SiriusScore	TreeScore	IsotopeScore	numExplainedPeaks	explainedIntensity	medianMassErrorFragmentPeaks(ppm)	medianAbsoluteMassErrorFragmentPeaks(ppm)	massErrorPrecursor(ppm)	lipidClass
1	C16H32O4	[M - H2O - H]-	C16H30O3	15.671212321971774	11.885581932699411	3.7856303892723626	4	0.6811403147400511	0.6226759958648631	0.6226759958648631	-66900.1540973033	
2	C14H30N3O3	[M - H2O - H]-	C14H28N3O2	-1.686524890591345	-4.15892284055396	2.472397949962615	2	0.0	5.610128542004108	5.610128542004108	-66895.1666455723	
3	C19H30NO	[M - H2O - H]-	C19H28N	-3.7237110722431814	-4.653030805687156	0.9293197334439749	2	0.0	-9.332571754314575	9.332571754314575	-66910.10934342619	
