rank	molecularFormula	adduct	precursorFormula	SiriusScore	TreeScore	IsotopeScore	numExplainedPeaks	explainedIntensity	medianMassErrorFragmentPeaks(ppm)	medianAbsoluteMassErrorFragmentPeaks(ppm)	massErrorPrecursor(ppm)	lipidClass
1	C5H8O4	[M - H]-	C5H8O4	73.11421489771078	68.33657734526648	4.7776375524443075	12	0.9416954585844303	-2.9019241827335622	3.914936242422471	2.577290539234476	
2	C3H6N3O3	[M - H]-	C3H6N3O3	8.907391435402904	6.5879427018673375	2.319448733535566	8	0.4483210296812995	5.769225908342215	10.755641306361458	12.824024015429451	
3	C6H4N4	[M - H]-	C6H4N4	3.7508975290486677	0.5145656311967799	3.236331897851888	2	0.19943053743030018	3.0059317397895033	10.673146562422696	-7.629056879020187	
4	C2H7N5P	[M - H]-	C2H7N5P	-9.454911334476005	-9.651018685009717	0.1961073505337123	3	0.307475891056387	13.558996965269039	13.558996965269039	-10.000371727636985	
