rank	molecularFormula	adduct	precursorFormula	SiriusScore	TreeScore	IsotopeScore	numExplainedPeaks	explainedIntensity	medianMassErrorFragmentPeaks(ppm)	medianAbsoluteMassErrorFragmentPeaks(ppm)	massErrorPrecursor(ppm)	lipidClass
1	C10H16O5	[M - H2O - H]-	C10H14O4	107.3084260235625	104.83531698690933	2.4731090366531636	29	0.974337527192235	2.5895642200609204	2.745725855252161	-91384.58639196085	
2	C8H14N3O4	[M - H2O - H]-	C8H12N3O3	42.86927799978218	42.86927799978218	0.0	21	0.5855585380436857	2.7463695750172477	3.0158169297993194	-91377.77358053622	
3	C11H12N4O	[M - H2O - H]-	C11H10N4	3.0345989269276803	0.4510787909991061	2.583520135928574	2	0.0	-5.651794825366597	5.651794825366597	-91391.37235164818	
4	CH14N9O2S	[M - H2O - H]-	CH12N9OS	-7.1434602709254875	-7.1434602709254875	0.0	14	0.4280725635121555	-1.042638984977816	2.5503073717119937	-91381.25314353302	
5	C7H15N5OP	[M - H2O - H]-	C7H13N5P	-8.952087825002135	-8.952087825002135	0.0	2	0.0	-7.228426654020095	7.228426654020095	-91392.9489829647	
