rank	molecularFormula	adduct	precursorFormula	SiriusScore	TreeScore	IsotopeScore	numExplainedPeaks	explainedIntensity	medianMassErrorFragmentPeaks(ppm)	medianAbsoluteMassErrorFragmentPeaks(ppm)	massErrorPrecursor(ppm)	lipidClass
1	C6H10O3	[M - H2O - H]-	C6H8O2	10.015287656792623	10.015287656792623	0.0	3	1.0	1.208053581332249	2.5737819227191445	-162186.99879616487	
2	C4H8N3O2	[M - H2O - H]-	C4H6N3O	-4.577648751154633	-4.577648751154633	0.0	2	0.0	15.873123465687838	15.873123465687838	-162174.9075078768	
