rank	molecularFormula	adduct	precursorFormula	SiriusScore	TreeScore	IsotopeScore	numExplainedPeaks	explainedIntensity	medianMassErrorFragmentPeaks(ppm)	medianAbsoluteMassErrorFragmentPeaks(ppm)	massErrorPrecursor(ppm)	lipidClass
1	C6H10O4	[M - H]-	C6H10O4	26.88581790278453	24.108739401978195	2.7770785008063354	4	0.946042011008232	2.3646466772602674	2.3646466772602674	2.7414634044783406	
2	C7H6N4	[M - H]-	C7H6N4	2.5203694212885845	0.5512848447450773	1.9690845765435072	1	0.0	-6.47868484253634	6.47868484253634	-6.47868484253634	
3	C4H8N3O3	[M - H]-	C4H8N3O3	-4.010186442349184	-4.561739893037706	0.5515534506885222	1	0.0	11.998095363644167	11.998095363644167	11.998095363644167	
4	C3H9N5P	[M - H]-	C3H9N5P	-9.161773838559151	-9.698666307587304	0.5368924690281527	1	0.0	-8.620868872592892	8.620868872592892	-8.620868872592892	
