rank	molecularFormula	adduct	precursorFormula	SiriusScore	TreeScore	IsotopeScore	numExplainedPeaks	explainedIntensity	medianMassErrorFragmentPeaks(ppm)	medianAbsoluteMassErrorFragmentPeaks(ppm)	massErrorPrecursor(ppm)	lipidClass
1	C9H16O	[M - H]-	C9H16O	30.821287859513728	25.892947932548136	4.928339926965591	4	0.8381025880051651	-1.1920925125207606	4.365152132494605	2.741077307778707	
2	C7H14N3	[M - H]-	C7H14N3	12.623739461938747	10.36458099616788	2.2591584657708674	3	0.7949080406195317	14.120057692122627	14.120057692122627	12.392812779130178	
