rank	molecularFormula	adduct	precursorFormula	SiriusScore	TreeScore	IsotopeScore	numExplainedPeaks	explainedIntensity	medianMassErrorFragmentPeaks(ppm)	medianAbsoluteMassErrorFragmentPeaks(ppm)	massErrorPrecursor(ppm)	lipidClass
1	C10H18O3	[M - H]-	C10H18O3	94.35409268189325	91.06597965624167	3.2881130256515902	14	0.9419502538684722	1.9609733852669187	3.4039165620953122	1.6854926517173	
2	C8H16N3O2	[M - H]-	C8H16N3O2	57.430258553213804	56.07749598433789	1.3527625688759197	12	0.6730234526112188	1.7820988900818187	4.14629521981541	8.938593001366058	
