rank	molecularFormula	adduct	precursorFormula	SiriusScore	TreeScore	IsotopeScore	numExplainedPeaks	explainedIntensity	medianMassErrorFragmentPeaks(ppm)	medianAbsoluteMassErrorFragmentPeaks(ppm)	massErrorPrecursor(ppm)	lipidClass
1	C10H16O4	[M - H]-	C10H16O4	77.18188114152801	73.95610916742538	3.225771974102631	23	0.9295353335432499	1.950224459607845	2.770325086815918	1.5944924107308718	
2	C8H14N3O3	[M - H]-	C8H14N3O3	34.14068437788921	32.97614967804686	1.164534699842346	19	0.5708770035835843	0.23208401466048653	2.9467740478125166	8.338330492438017	
3	C11H12N4	[M - H]-	C11H12N4	3.0252155521484148	0.49834719578184616	2.5268683563665686	3	0.42481219918132324	14.007904537582386	14.007904537582386	-5.12276578225948	
4	CH14N9OS	[M - H]-	CH14N9OS	-6.121041324077274	-6.121041324077274	0.0	1	0.0	4.828700620594978	4.828700620594978	4.89399481631936	
5	C7H15N5P	[M - H]-	C7H15N5P	-7.488871900564934	-8.90010808277431	1.4112361822093757	3	0.42481219918132324	14.007904537582386	14.007904537582386	-6.683435181631617	
