rank	molecularFormula	adduct	precursorFormula	SiriusScore	TreeScore	IsotopeScore	numExplainedPeaks	explainedIntensity	medianMassErrorFragmentPeaks(ppm)	medianAbsoluteMassErrorFragmentPeaks(ppm)	massErrorPrecursor(ppm)	lipidClass
1	C16H30O3	[M - H]-	C16H30O3	19.74344357555278	15.94608648874939	3.7973570868033915	6	0.8296468069925081	0.4588923691909124	0.626254320820676	0.7489702391128574	
2	C14H28N3O2	[M - H]-	C14H28N3O2	-0.4622448239226902	-2.790829423087394	2.328584599164704	4	0.4507925182202742	0.9080920551380353	1.4442991810306278	5.736422155365164	
3	C19H28N	[M - H]-	C19H28N	-3.4432745972600927	-4.656313364937148	1.2130387676770553	1	0.0	-9.354859198823188	9.354859198823188	-9.206276253775316	
4	C2H22N16	[M - H]-	C2H22N16	-7.071665037713045	-7.071665037713045	0.0	1	0.0	-6.233932887788397	6.233932887788397	-6.085350406452609	
