rank	molecularFormula	adduct	precursorFormula	SiriusScore	TreeScore	IsotopeScore	numExplainedPeaks	explainedIntensity	medianMassErrorFragmentPeaks(ppm)	medianAbsoluteMassErrorFragmentPeaks(ppm)	massErrorPrecursor(ppm)	lipidClass
1	C6H10O2	[M - H]-	C6H10O2	40.04165306301762	37.29920510373621	2.742447959281405	6	0.8200302120049312	-0.5457063341067626	2.6957273907611397	3.5104181676389556	
2	C4H8N3O	[M - H]-	C4H8N3O	1.90392763519076	1.3654369204645493	0.5384907147262106	3	0.3072653505344978	14.026727247886885	14.026727247886885	15.38614564981605	
