rank	molecularFormula	adduct	precursorFormula	SiriusScore	TreeScore	IsotopeScore	numExplainedPeaks	explainedIntensity	medianMassErrorFragmentPeaks(ppm)	medianAbsoluteMassErrorFragmentPeaks(ppm)	massErrorPrecursor(ppm)	lipidClass
1	C9H14O5	[M - H]-	C9H14O5	186.9874932854846	181.81789242241123	5.1696008630733425	45	0.9417146738844244	1.796713572889724	2.678959363538804	1.7053356005159233	
2	C7H12N3O4	[M - H]-	C7H12N3O4	100.93558673152184	97.69637395188346	3.239212779638383	36	0.5659840338701013	1.0159085847779754	2.887082194374611	8.382791158791434	
3	C10H10N4O	[M - H]-	C10H10N4O	24.90958629784599	21.088643996223475	3.8209423016225146	16	0.27600815157291647	0.2933100439293349	3.551672456809582	-4.945801706558019	
4	C6H13N5OP	[M - H]-	C6H13N5OP	10.115613765706726	6.6643130885300135	3.4513006771767127	14	0.2557082073911807	-1.8095923726440866	3.551672456809582	-6.491108759938027	
5	C8H8N7	[M - H]-	C8H8N7	0.01602685012221361	-3.7530654685974287	3.7690923187196423	3	0.026137165485355603	12.969294288022219	12.969294288022219	1.7316538515761446	
6	C4H11N8P	[M - H]-	C4H11N8P	-5.61358771328824	-6.135751057698188	0.5221633444099489	1	0.0	0.1863467980547892	0.1863467980547892	0.1863467980547892	
7	H14N9P2	[M - H]-	H14N9P2	-9.831292764902047	-9.831292764902047	0.0	1	0.0	-1.358960255325219	1.358960255325219	-1.358960255325219	
