rank	molecularFormula	adduct	precursorFormula	SiriusScore	TreeScore	IsotopeScore	numExplainedPeaks	explainedIntensity	medianMassErrorFragmentPeaks(ppm)	medianAbsoluteMassErrorFragmentPeaks(ppm)	massErrorPrecursor(ppm)	lipidClass
1	C8H12O5	[M - H]-	C8H12O5	82.56394055488337	77.27177859187327	5.292161963010096	17	0.9426015533592421	1.432758976160393	2.5176748446720256	1.138492918187443	
2	C6H10N3O4	[M - H]-	C6H10N3O4	22.031493740017666	19.13351658558855	2.8979771544291166	11	0.5946831840924724	1.138525247585199	3.366955481358296	8.316264111123074	
3	C9H8N4O	[M - H]-	C9H8N4O	6.848703615008905	2.853217566432086	3.9954860485768187	7	0.15707037152449094	-3.7663229694072418	3.7663229694072418	-6.0109880998942415	
4	C7H6N7	[M - H]-	C7H6N7	-0.5304897802815938	-3.6947785729244575	3.164288792642864	2	0.08057242640357942	7.501915746590863	7.501915746590863	1.1667830928894505	
5	C5H11N5OP	[M - H]-	C5H11N5OP	-6.247389720794596	-8.960915969617707	2.713526248823111	5	0.23925083635636715	-1.751038490209594	7.688116605648623	-7.672078968293192	
6	C3H9N8P	[M - H]-	C3H9N8P	-6.434097632663586	-6.434097632663586	0.0	1	0.0	-0.5103452979032598	0.5103452979032598	-0.49430777566143763	
