rank	molecularFormula	adduct	precursorFormula	SiriusScore	TreeScore	IsotopeScore	numExplainedPeaks	explainedIntensity	medianMassErrorFragmentPeaks(ppm)	medianAbsoluteMassErrorFragmentPeaks(ppm)	massErrorPrecursor(ppm)	lipidClass
1	C7H8O3	[M - H]-	C7H8O3	24.042782674683185	21.192269298973333	2.850513375709851	4	0.9340342478956499	0.8221472294224188	2.158689148787383	3.1813468648228556	
1	C7H10O4	[M - H2O - H]-	C7H8O3	24.042782674683185	21.192269298973333	2.850513375709851	5	0.9340342478956499	0.8221472294224188	2.158689148787383	-129531.47502054945	
2	C5H6N3O2	[M - H]-	C5H6N3O2	5.733179615503043	5.132525620083866	0.6006539954191767	3	0.8997060335410908	1.1647999363197492	5.509730906983519	12.838129625325527	
2	C5H8N3O3	[M - H2O - H]-	C5H6N3O2	5.733179615503043	5.132525620083866	0.6006539954191767	4	0.8997060335410908	1.1647999363197492	5.509730906983519	-129521.81823778874	
3	C3H11NO3P	[M - H]-	C3H11NO3P	-0.5557472715693654	-0.6616521982766972	0.10590492670733176	1	0.0	0.9177907518856017	0.9177907518856017	0.9465593197451388	
4	C2H10N3O2S	[M - H]-	C2H10N3O2S	-2.0966999747063007	-2.0966999747063007	0.0	1	0.0	-11.436292597098845	11.436292597098845	-11.407523673829697	
5	CH9N4O2P	[M - H]-	CH9N4O2P	-2.4890198650845474	-2.4890198650845474	0.0	1	0.0	10.574573790404758	10.574573790404758	10.603342080452222	
6	H8N6OS	[M - H]-	H8N6OS	-3.8875396104467006	-3.8875396104467006	0.0	1	0.0	-1.7795095585796885	1.7795095585796885	-1.750740913122613	
