rank	molecularFormula	adduct	precursorFormula	SiriusScore	TreeScore	IsotopeScore	numExplainedPeaks	explainedIntensity	medianMassErrorFragmentPeaks(ppm)	medianAbsoluteMassErrorFragmentPeaks(ppm)	massErrorPrecursor(ppm)	lipidClass
1	C9H14O5	[M - H]-	C9H14O5	74.1235237679557	70.93580491465906	3.187718853296649	19	0.9092930059900445	1.4343860071285894	2.9227520318121103	1.3572110569561926	
2	C7H12N3O4	[M - H]-	C7H12N3O4	31.474859783983135	30.169108599703303	1.3057511842798317	15	0.8652239939255882	0.994293629599429	3.781283109106706	8.034668939821836	
3	C10H10N4O	[M - H]-	C10H10N4O	15.945479090427414	13.669301625735368	2.2761774646920454	5	0.44166877583734077	-5.0869040838362345	5.0869040838362345	-5.293928565545838	
4	C6H13N5OP	[M - H]-	C6H13N5OP	4.17475805503641	2.629358934320452	1.5453991207159579	5	0.44166877583734077	-5.0869040838362345	5.0869040838362345	-6.839236156886075	
5	C8H8N7	[M - H]-	C8H8N7	-1.5821318060283986	-3.735516730027739	2.1533849239993406	3	0.012937652914873869	13.4025887431887	13.4025887431887	1.3835293171784586	
6	C4H11N8P	[M - H]-	C4H11N8P	-6.056904908541744	-6.1213792266263205	0.06447431808457615	3	0.012937652914873869	13.4025887431887	13.4025887431887	-0.16177827430312688	
7	H14N9P2	[M - H]-	H14N9P2	-9.848609655489582	-9.848609655489582	0.0	1	0.0	-1.5529159226932696	1.5529159226932696	-1.7070858656433652	
