rank	molecularFormula	adduct	precursorFormula	SiriusScore	TreeScore	IsotopeScore	numExplainedPeaks	explainedIntensity	medianMassErrorFragmentPeaks(ppm)	medianAbsoluteMassErrorFragmentPeaks(ppm)	massErrorPrecursor(ppm)	lipidClass
1	C8H12O5	[M - H]-	C8H12O5	66.78146718609975	61.54457700173445	5.236890184365292	17	0.9032938722934429	1.0689970980787546	2.920300722400659	1.191951234810106	
2	C6H10N3O4	[M - H]-	C6H10N3O4	8.49679676390221	5.858788322775762	2.6380084411264484	14	0.1802551677605349	-2.8862832188308523	3.670511932843939	8.369722044033734	
3	C9H8N4O	[M - H]-	C9H8N4O	4.598889130636442	0.43709416452595207	4.16179496611049	6	0.04041587437894867	-5.9002235210575	5.9002235210575	-5.957529401071924	
4	C7H6N7	[M - H]-	C7H6N7	-0.4544018717477929	-3.6904485969883503	3.2360467252405574	4	0.014512666380420782	13.580648828849913	13.580648828849913	1.2202414079997665	
5	C9H16S2	[M - H]-	C9H16S2	-0.9132768861752529	-0.9132768861752529	0.0	2	0.006238115684229896	-3.526751266707965	3.526751266707965	-3.4537314506468157	
6	C3H9N8P	[M - H]-	C3H9N8P	-6.438248316219879	-6.438248316219879	0.0	4	0.014512666380420782	13.580648828849913	13.580648828849913	-0.44084937175189876	
7	C5H11N5OP	[M - H]-	C5H11N5OP	-6.621884330786619	-8.967450837339147	2.3455665065525277	5	0.03206158375759063	-2.6781922530036844	9.789943117504926	-7.618620180671651	
