rank	molecularFormula	adduct	precursorFormula	SiriusScore	TreeScore	IsotopeScore	numExplainedPeaks	explainedIntensity	medianMassErrorFragmentPeaks(ppm)	medianAbsoluteMassErrorFragmentPeaks(ppm)	massErrorPrecursor(ppm)	lipidClass
1	C6H8O4	[M - H]-	C6H8O4	76.04215999746914	73.27921914141722	2.7629408560519333	15	0.9880597336706165	-1.0405388585588486	3.2278744220732394	2.2212425221970653	
2	C4H6N3O3	[M - H]-	C4H6N3O3	14.563814403237988	13.67894173654437	0.8848726666936169	9	0.5186380263167351	1.7362118008308511	10.47375256385407	11.608323893074889	
3	C7H4N4	[M - H]-	C7H4N4	1.789210426978428	0.5111339715048251	1.2780764554736028	1	0.0	-7.0659190133343985	7.0659190133343985	-7.128840988531921	
4	C3H7N5P	[M - H]-	C3H7N5P	-0.3791316059875154	-1.2652732315959327	0.8861416256084174	4	0.4047329879052252	13.502800373207856	13.502800373207856	-9.301213822435535	
