rank	molecularFormula	adduct	precursorFormula	SiriusScore	TreeScore	IsotopeScore	numExplainedPeaks	explainedIntensity	medianMassErrorFragmentPeaks(ppm)	medianAbsoluteMassErrorFragmentPeaks(ppm)	massErrorPrecursor(ppm)	lipidClass
1	C10H16O4	[M - H]-	C10H16O4	71.01230677571938	65.81124078736504	5.201065988354339	22	0.8600010406910192	1.0466415015928328	2.671755603856937	1.2429070197311298	
2	C8H14N3O3	[M - H]-	C8H14N3O3	26.65010865783698	23.918752478939943	2.731356178897036	17	0.2213419710687897	0.25855889045389097	3.0042960237996756	7.986747472477004	
3	C11H12N4	[M - H]-	C11H12N4	4.581144931938738	0.4575362934660472	4.123608638472691	3	0.06923197002809867	-3.008078562543111	3.008078562543111	-5.474353534952836	
4	C7H15N5P	[M - H]-	C7H15N5P	-6.191279756779153	-8.94499149079725	2.7537117340180974	3	0.06923197002809867	-3.008078562543111	3.008078562543111	-7.035023483034408	
