rank	molecularFormula	adduct	precursorFormula	SiriusScore	TreeScore	IsotopeScore	numExplainedPeaks	explainedIntensity	medianMassErrorFragmentPeaks(ppm)	medianAbsoluteMassErrorFragmentPeaks(ppm)	massErrorPrecursor(ppm)	lipidClass
1	C9H14O5	[M - H]-	C9H14O5	193.960810282708	188.7820753786521	5.1787349040558786	42	0.9469052062942899	2.015603065439431	2.942060893633661	1.7053356005159233	
2	C7H12N3O4	[M - H]-	C7H12N3O4	106.59598013293291	103.3545096968102	3.2414704361227074	34	0.7146737422150542	1.8898036845707407	3.3161466506609845	8.382791158791434	
3	C10H10N4O	[M - H]-	C10H10N4O	21.737481814451343	17.89838538170216	3.839096432749184	12	0.16909129928659228	-1.9986231541086195	2.9338030637377623	-4.945801706558019	
4	C6H13N5OP	[M - H]-	C6H13N5OP	10.008603689841923	6.553960206906438	3.4546434829354853	9	0.1318427858237573	-2.4768021305735646	2.4768021305735646	-6.491108759938027	
5	C8H8N7	[M - H]-	C8H8N7	0.00364963801105489	-3.7548796217586435	3.7585292597696984	3	0.02531069331269632	13.944726282666792	13.944726282666792	1.7316538515761446	
6	C4H11N8P	[M - H]-	C4H11N8P	-5.630134052666449	-6.1373632200697825	0.5072291674033336	1	0.0	0.20623965196299415	0.20623965196299415	0.1863467980547892	
7	H14N9P2	[M - H]-	H14N9P2	-9.829530847609394	-9.829530847609394	0.0	1	0.0	-1.3390673706764409	1.3390673706764409	-1.358960255325219	
