rank	molecularFormula	adduct	precursorFormula	SiriusScore	TreeScore	IsotopeScore	numExplainedPeaks	explainedIntensity	medianMassErrorFragmentPeaks(ppm)	medianAbsoluteMassErrorFragmentPeaks(ppm)	massErrorPrecursor(ppm)	lipidClass
1	C18H36O3	[M - H]-	C18H36O3	24.212781711551248	18.24209995083332	5.970681760717925	3	0.8950656284760845	1.7860839524151275	1.7860839524151275	0.5060497049054843	
2	C16H34N3O2	[M - H]-	C16H34N3O2	10.068390185169573	5.782220076821221	4.286170108348352	3	0.8950656284760845	2.8897083324823156	2.8897083324823156	4.992740378235483	
3	C14H32N6O	[M - H]-	C14H32N6O	1.619505376322212	-0.05275870866876953	1.6722640849909816	1	0.0	9.36581827761299	9.36581827761299	9.479431051945376	
4	C21H34N	[M - H]-	C21H34N	-0.7556699646661929	-4.542129730681941	3.786459766015748	1	0.0	-8.563262793785345	8.563262793785345	-8.449647982461238	
5	C17H37N2P	[M - H]-	C17H37N2P	-1.0844334086356016	-4.692914607211826	3.608481198576224	1	0.0	-9.601579780243883	9.601579780243883	-9.487964850952599	
