rank	molecularFormula	adduct	precursorFormula	SiriusScore	TreeScore	IsotopeScore	numExplainedPeaks	explainedIntensity	medianMassErrorFragmentPeaks(ppm)	medianAbsoluteMassErrorFragmentPeaks(ppm)	massErrorPrecursor(ppm)	lipidClass
1	C9H17NO3	[M - H]-	C9H17NO3	65.15709225865395	62.02282734286093	3.134264915793015	17	0.9235924854986882	1.794858357006445	2.669830920678434	1.8432157519586743	
2	C7H15N4O2	[M - H]-	C7H15N4O2	9.322626139574712	8.199684282463974	1.1229418571107397	10	0.18474409620609608	-0.9630373067607956	5.61968547349319	9.057528749732453	
