rank	molecularFormula	adduct	precursorFormula	SiriusScore	TreeScore	IsotopeScore	numExplainedPeaks	explainedIntensity	medianMassErrorFragmentPeaks(ppm)	medianAbsoluteMassErrorFragmentPeaks(ppm)	massErrorPrecursor(ppm)	lipidClass
1	C4H6O3	[M - H]-	C4H6O3	14.544278871949661	14.544278871949661	0.0	2	0.9273340999295226	-3.6421064166196535	5.744564901711791	2.102458485092138	
2	C2H4N3O2	[M - H]-	C2H4N3O2	6.060384773053276	6.060384773053276	0.0	2	0.9273340999295226	14.774121181532934	14.774121181532934	15.393118396380208	
