rank	molecularFormula	adduct	precursorFormula	SiriusScore	TreeScore	IsotopeScore	numExplainedPeaks	explainedIntensity	medianMassErrorFragmentPeaks(ppm)	medianAbsoluteMassErrorFragmentPeaks(ppm)	massErrorPrecursor(ppm)	lipidClass
1	C9H14O3	[M - H2O - H]-	C9H12O2	56.38381433853892	53.29438262779234	3.089431710746584	10	0.6068938807126258	2.42147069920091	2.5425625803789558	-119212.03710581604	
2	C7H12N3O2	[M - H2O - H]-	C7H10N3O	15.918547190354548	14.993538153883701	0.9250090364708472	7	0.42175765331896403	0.7404149719527513	2.9935328272265505	-119203.14968137705	
