rank	molecularFormula	adduct	precursorFormula	SiriusScore	TreeScore	IsotopeScore	numExplainedPeaks	explainedIntensity	medianMassErrorFragmentPeaks(ppm)	medianAbsoluteMassErrorFragmentPeaks(ppm)	massErrorPrecursor(ppm)	lipidClass
1	C11H18O3	[M - H]-	C11H18O3	21.27251431820399	18.273120797978017	2.999393520225973	8	0.8790643727044269	2.0574409748292126	2.4013372612055717	1.7350771893969656	
2	C9H16N3O2	[M - H]-	C9H16N3O2	-3.95223749631646	-4.535820206013636	0.5835827096971755	7	0.6673497003672917	2.2834162946407823	2.5655345677346624	8.546629175289622	
3	C2H16N9S	[M - H]-	C2H16N9S	-5.880000041746266	-5.880000041746266	0.0	1	0.0	5.164097566421607	5.164097566421607	5.067709422028795	
