rank	molecularFormula	adduct	precursorFormula	SiriusScore	TreeScore	IsotopeScore	numExplainedPeaks	explainedIntensity	medianMassErrorFragmentPeaks(ppm)	medianAbsoluteMassErrorFragmentPeaks(ppm)	massErrorPrecursor(ppm)	lipidClass
1	C11H20O4	[M - H]-	C11H20O4	112.26276908643656	108.83553952627626	3.4272295601603027	27	0.750720861631906	1.3095570450939205	2.775860711780773	0.7313382262939514	
2	C9H18N3O3	[M - H]-	C9H18N3O3	64.37598509117889	62.86770127539072	1.5082838157881682	25	0.7244669772767817	1.89273996471277	2.9396604187762763	6.972634148071508	
3	C12H16N4	[M - H]-	C12H16N4	2.999949611348851	0.4483640029816711	2.55158560836718	1	0.0	-5.592271680593544	5.592271680593544	-5.485358505965783	
4	C8H19N5P	[M - H]-	C8H19N5P	-7.495356008225033	-8.940894737349485	1.4455387291244515	1	0.0	-7.03664215344916	7.03664215344916	-6.92972882440003	
