rank	molecularFormula	adduct	precursorFormula	SiriusScore	TreeScore	IsotopeScore	numExplainedPeaks	explainedIntensity	medianMassErrorFragmentPeaks(ppm)	medianAbsoluteMassErrorFragmentPeaks(ppm)	massErrorPrecursor(ppm)	lipidClass
1	C7H10O4	[M - H2O - H]-	C7H8O3	42.07203119641757	39.19759959443069	2.874431601986875	8	0.934288921509369	0.8898032944450329	2.386146147693215	-129531.71873334635	
2	C5H8N3O3	[M - H2O - H]-	C5H6N3O2	14.785938866100205	14.106753836804895	0.6791850292953101	6	0.8895212377640493	0.9483713761157738	5.669073103832559	-129522.06194850206	
