rank	molecularFormula	adduct	precursorFormula	SiriusScore	TreeScore	IsotopeScore	numExplainedPeaks	explainedIntensity	medianMassErrorFragmentPeaks(ppm)	medianAbsoluteMassErrorFragmentPeaks(ppm)	massErrorPrecursor(ppm)	lipidClass
1	C6H12O	[M - H]-	C6H12O	10.139692534927232	7.186407563397182	2.953284971530049	2	0.024910693022148128	-5.509730906983519	5.509730906983519	0.9229570662455	
2	C4H10N3	[M - H]-	C4H10N3	0.11695881706145395	-0.6570898380225598	0.7740486550840138	2	0.024910693022148128	13.939815034181198	13.939815034181198	14.474248057400176	
