rank	molecularFormula	adduct	precursorFormula	SiriusScore	TreeScore	IsotopeScore	numExplainedPeaks	explainedIntensity	medianMassErrorFragmentPeaks(ppm)	medianAbsoluteMassErrorFragmentPeaks(ppm)	massErrorPrecursor(ppm)	lipidClass
1	C3H4O4	[M - H]-	C3H4O4	19.123509938648297	14.561408869074072	4.562101069574226	2	0.9783874218513048	-3.3769176477548957	5.2976617064848845	1.9207440587299889	
2	CH2N3O3	[M - H]-	CH2N3O3	6.9010954606550206	6.069030271201784	0.8320651894532363	2	0.9783874218513048	14.516825945102239	14.516825945102239	14.956020011380609	
3	C4N4	[M - H]-	C4N4	2.5382208096635948	-0.2270604452159919	2.7652812548795866	1	0.0	-11.063155188525402	11.063155188525402	-11.063155188525402	
4	H3N5P	[M - H]-	H3N5P	-10.232169204068063	-10.232169204068063	0.0	1	0.0	-14.079798833495415	14.079798833495415	-14.079798833495415	
