rank	molecularFormula	adduct	precursorFormula	SiriusScore	TreeScore	IsotopeScore	numExplainedPeaks	explainedIntensity	medianMassErrorFragmentPeaks(ppm)	medianAbsoluteMassErrorFragmentPeaks(ppm)	massErrorPrecursor(ppm)	lipidClass
1	C8H12O6	[M - H2O - H]-	C8H10O5	70.45677015496456	65.23123252099083	5.225537633973726	21	0.9450445285326604	0.827019611195551	3.634821424896508	-97328.99976762204	
2	C6H10N3O5	[M - H2O - H]-	C6H8N3O4	21.279782174314875	18.213370283359563	3.066411890955311	17	0.12352558957306117	-0.6248056746440331	3.688649673571014	-97321.7438122178	
3	C9H8N4O2	[M - H2O - H]-	C9H6N4O	4.320328141425886	0.4702093334536013	3.850118807972285	9	0.05269273401368344	3.504858343700152	9.714992357478648	-97336.22712469948	
4	C7H6N7O	[M - H2O - H]-	C7H4N7	-0.3680087491947126	-3.7149374433529045	3.346928694158192	4	0.01793372319688109	13.57768064761854	13.57768064761854	-97328.97116929527	
5	C9H16OS2	[M - H2O - H]-	C9H14S2	-0.8848943081645837	-0.8848943081645837	0.0	2	0.0	-3.3126712387495205	3.3126712387495205	-97333.69605387641	
6	C5H11N5O2P	[M - H2O - H]-	C5H9N5OP	-6.026843047282233	-8.931060353226988	2.904217305944755	8	0.048335435538737904	13.415248906665374	13.415248906665374	-97337.90630907872	
7	C3H9N8OP	[M - H2O - H]-	C3H7N8P	-6.361218929510438	-6.361218929510438	0.0	4	0.01793372319688109	13.57768064761854	13.57768064761854	-97330.65035367434	
