rank	molecularFormula	adduct	precursorFormula	SiriusScore	TreeScore	IsotopeScore	numExplainedPeaks	explainedIntensity	medianMassErrorFragmentPeaks(ppm)	medianAbsoluteMassErrorFragmentPeaks(ppm)	massErrorPrecursor(ppm)	lipidClass
1	C4H8O4	[M - H2O - H]-	C4H6O3	13.853494906299641	11.22534501518888	2.6281498911107612	4	0.8046301583181936	-5.066196109225972	5.066196109225972	-178277.4279676239	
2	C2H6N3O3	[M - H2O - H]-	C2H4N3O2	2.2694050417041662	2.2694050417041662	0.0	4	0.8046301583181936	13.751861661165204	13.751861661165204	-178264.13730113464	
