rank	molecularFormula	adduct	precursorFormula	SiriusScore	TreeScore	IsotopeScore	numExplainedPeaks	explainedIntensity	medianMassErrorFragmentPeaks(ppm)	medianAbsoluteMassErrorFragmentPeaks(ppm)	massErrorPrecursor(ppm)	lipidClass
1	C8H14O4	[M - H2O - H]-	C8H12O3	44.908255507023334	41.929903170236244	2.9783523367870863	8	0.9588746001697239	-1.3992799180243678	4.2582959081841985	-116140.5317698263	
2	C6H12N3O3	[M - H2O - H]-	C6H10N3O2	27.787422693724043	26.739187369603044	1.0482353241209967	8	0.9588746001697239	-1.3992799180243678	4.502257198092232	-116131.87330379042	
