rank	molecularFormula	adduct	precursorFormula	SiriusScore	TreeScore	IsotopeScore	numExplainedPeaks	explainedIntensity	medianMassErrorFragmentPeaks(ppm)	medianAbsoluteMassErrorFragmentPeaks(ppm)	massErrorPrecursor(ppm)	lipidClass
1	C9H14O4	[M - H]-	C9H14O4	75.02160980395506	69.60088822141385	5.420721582541208	10	0.9003922090008643	1.3589823180744143	3.3591114909714808	1.1212540039857744	
2	C7H12N3O3	[M - H]-	C7H12N3O3	13.114996147713235	9.956821126570581	3.158175021142654	6	0.07919962773382967	-0.9089108967835422	4.165329587178919	8.375784343909016	
3	C10H10N4	[M - H]-	C10H10N4	4.379453926460464	0.4320561025356273	3.9473978239248364	1	0.0	-6.191132264385325	6.191132264385325	-6.104683625556296	
4	C6H13N5P	[M - H]-	C6H13N5P	-6.053212227383128	-8.972983780495706	2.9197715531125787	1	0.0	-7.869986998131809	7.869986998131809	-7.783538214168972	
