rank	molecularFormula	adduct	precursorFormula	SiriusScore	TreeScore	IsotopeScore	numExplainedPeaks	explainedIntensity	medianMassErrorFragmentPeaks(ppm)	medianAbsoluteMassErrorFragmentPeaks(ppm)	massErrorPrecursor(ppm)	lipidClass
1	C18H34O3	[M - H]-	C18H34O3	7.2684181689189895	3.453739325270078	3.8146788436489114	1	0.0	0.566888711064312	0.566888711064312	0.6106238435418883	
2	C14H30N6O	[M - H]-	C14H30N6O	0.1592080847262276	-0.08767565291552848	0.24688373764175608	1	0.0	9.601119268216033	9.601119268216033	9.644854005580115	
3	C16H32N3O2	[M - H]-	C16H32N3O2	-1.6968526040432041	-4.0975461020263175	2.4006934979831134	1	0.0	5.084003989448937	5.084003989448937	5.127738924369766	
4	C21H32N	[M - H]-	C21H32N	-2.940147092511662	-4.526130254187774	1.585983161676112	1	0.0	-8.449538272116454	8.449538272116454	-8.405802745304026	
5	C17H35N2P	[M - H]-	C17H35N2P	-2.9758893434459837	-4.67702860317355	1.7011392597275665	1	0.0	-9.49489604958627	9.49489604958627	-9.451160477054955	
6	C4H26N16	[M - H]-	C4H26N16	-5.808565541815792	-5.808565541815792	0.0	1	0.0	-5.622928198482505	5.622928198482505	-5.579192795292313	
