rank	molecularFormula	adduct	precursorFormula	SiriusScore	TreeScore	IsotopeScore	numExplainedPeaks	explainedIntensity	medianMassErrorFragmentPeaks(ppm)	medianAbsoluteMassErrorFragmentPeaks(ppm)	massErrorPrecursor(ppm)	lipidClass
1	C9H16O5	[M - H]-	C9H16O5	137.3865210442322	134.289905680335	3.096615363897196	33	0.9247487379756669	2.0491227325466914	2.647080768988329	1.29418739770161	
2	C7H14N3O4	[M - H]-	C7H14N3O4	73.250092530597	72.02315285299241	1.2269396776045935	24	0.5912118698857811	0.7622292445928501	3.15853875785211	7.9053733405580715	
3	C10H12N4O	[M - H]-	C10H12N4O	19.473824319831664	16.953049858939167	2.5207744608924973	12	0.192477486008346	-0.7113959758531523	3.072016041262046	-5.290941486314716	
4	C10H20S2	[M - H]-	C10H20S2	-0.8486830443822666	-0.8486830443822666	0.0	3	0.08217688585291945	-1.2699311501373356	2.647080768988329	-2.9847834529135726	
5	C8H10N7	[M - H]-	C8H10N7	-1.4266684676622274	-3.741652190878704	2.3149837232164767	3	0.013207990752773837	12.349207630449396	12.349207630449396	1.3202444564018012	
6	C6H15N5OP	[M - H]-	C6H15N5OP	-5.629951365115366	-7.034783438417172	1.4048320733018067	9	0.1516845494262932	-1.3657283413868955	1.5815220995051094	-6.820912323191579	
7	C4H13N8P	[M - H]-	C4H13N8P	-6.250283460015717	-6.250283460015717	0.0	1	0.0	0.0758573870975602	0.0758573870975602	-0.2097263806150071	
