rank	molecularFormula	adduct	precursorFormula	SiriusScore	TreeScore	IsotopeScore	numExplainedPeaks	explainedIntensity	medianMassErrorFragmentPeaks(ppm)	medianAbsoluteMassErrorFragmentPeaks(ppm)	massErrorPrecursor(ppm)	lipidClass
1	C11H20O4	[M - H]-	C11H20O4	39.37844527485161	35.98942048021204	3.389024794639566	7	0.3755454955517997	1.9887310065997543	2.6269117991101703	0.8707892919698994	
2	C9H18N3O3	[M - H]-	C9H18N3O3	9.178422031673705	7.18465942257076	1.993762609102945	5	0.10424059954240872	2.905259701512895	2.905259701512895	7.1120843433914525	
3	C12H16N4	[M - H]-	C12H16N4	2.1313964794615496	0.46317429771801777	1.6682221817435319	1	0.0	-5.466764912757909	5.466764912757909	-5.345906573364217	
4	C8H19N5P	[M - H]-	C8H19N5P	-6.810065540769751	-8.924723029126783	2.1146574883570324	1	0.0	-6.911135204336269	6.911135204336269	-6.7902766903793355	
