rank	molecularFormula	adduct	precursorFormula	SiriusScore	TreeScore	IsotopeScore	numExplainedPeaks	explainedIntensity	medianMassErrorFragmentPeaks(ppm)	medianAbsoluteMassErrorFragmentPeaks(ppm)	massErrorPrecursor(ppm)	lipidClass
1	C7H12O3	[M - H]-	C7H12O3	98.38673807423923	93.54861592214442	4.838122152094816	12	0.8823353187889896	-2.2747561910853107	3.052394170368992	2.042389740711134	
2	C5H10N3O2	[M - H]-	C5H10N3O2	50.456245151652894	47.71564296442356	2.740602187229336	10	0.7663870581186341	-4.796005650408126	5.113086259850924	11.42708549373098	
