rank	molecularFormula	adduct	precursorFormula	SiriusScore	TreeScore	IsotopeScore	numExplainedPeaks	explainedIntensity	medianMassErrorFragmentPeaks(ppm)	medianAbsoluteMassErrorFragmentPeaks(ppm)	massErrorPrecursor(ppm)	lipidClass
1	C9H14O5	[M - H]-	C9H14O5	119.00140352961765	115.78236448389194	3.2190390457257014	35	0.8995717597139823	0.8523083088058996	3.0762235845255215	1.158282637445355	
2	C7H12N3O4	[M - H]-	C7H12N3O4	47.68395721512218	46.34198082157383	1.3419763935483493	29	0.4104663497426627	-0.6387742609047314	3.199874234634461	7.8357418486489445	
3	C10H10N4O	[M - H]-	C10H10N4O	10.836280843286154	8.524234444597575	2.3120463986885795	16	0.28840608179782345	-1.0436133794267155	4.508126671598431	-5.492858308159164	
4	C6H13N5OP	[M - H]-	C6H13N5OP	1.667346355695983	0.29852367350615694	1.3688226821898262	15	0.26946921777393623	-0.32008251328199483	4.6973543299489835	-7.038166206905416	
5	C10H18S2	[M - H]-	C10H18S2	-0.9074216358074114	-0.9074216358074114	0.0	3	0.014442305425686556	-3.2231191836201383	3.2231191836201383	-3.1635823906870666	
6	C8H8N7	[M - H]-	C8H8N7	-1.4057205262043349	-3.693388601578812	2.2876680753744774	3	0.026605901072565115	13.068068312766954	13.068068312766954	1.1846009029030782	
7	H12N9O2S	[M - H]-	H12N9O2S	-5.378398930601131	-5.378398930601131	0.0	6	0.13140297803795226	4.473448945363465	4.473448945363465	4.425308396767076	
8	C4H11N8P	[M - H]-	C4H11N8P	-6.160225338541422	-6.160225338541422	0.0	1	0.0	-0.4850374871556767	0.4850374871556767	-0.3607069959845215	
9	H14N9P2	[M - H]-	H14N9P2	-9.89231123407792	-9.89231123407792	0.0	1	0.0	-2.0303455780307496	2.0303455780307496	-1.9060148947307738	
