rank	molecularFormula	adduct	precursorFormula	SiriusScore	TreeScore	IsotopeScore	numExplainedPeaks	explainedIntensity	medianMassErrorFragmentPeaks(ppm)	medianAbsoluteMassErrorFragmentPeaks(ppm)	massErrorPrecursor(ppm)	lipidClass
1	C7H12O5	[M - H]-	C7H12O5	122.00895745261862	119.03981596164031	2.969141490978308	31	0.9335112367451414	0.3097859252641966	2.5768766680571575	1.2165336184094355	
2	C5H10N3O4	[M - H]-	C5H10N3O4	50.7863021728697	49.54860735988599	1.2376948129837142	23	0.5052878800663798	-1.275706311569753	3.6664517276025106	8.88632218008	
3	C8H8N4O	[M - H]-	C8H8N4O	6.212317591187318	4.932165294057941	1.2801522971293773	13	0.19666765111242374	-6.485861051870647	6.761345897927354	-6.423025551201934	
4	C8H16S2	[M - H]-	C8H16S2	6.050563851877585	6.050563851877585	0.0	2	0.3515877703709955	-3.860029784801217	3.860029784801217	-3.7475986824270833	
5	C6H6N7	[M - H]-	C6H6N7	5.206528025967856	3.760226312757987	1.446301713209869	8	0.4966493685483645	1.4213526420486757	7.564212717608268	1.2467630103062781	
6	C2H9N8P	[M - H]-	C2H9N8P	-1.0647106161956028	-1.0647106161956028	0.0	5	0.4594513824431132	13.34859903039904	13.34859903039904	-0.5281912757882631	
7	C4H11N5OP	[M - H]-	C4H11N5OP	-8.065321448825998	-9.311613852138006	1.246292403312009	6	0.11226197507945886	5.028026045083271	11.95722597835223	-8.197979837458828	
