rank	molecularFormula	adduct	precursorFormula	SiriusScore	TreeScore	IsotopeScore	numExplainedPeaks	explainedIntensity	medianMassErrorFragmentPeaks(ppm)	medianAbsoluteMassErrorFragmentPeaks(ppm)	massErrorPrecursor(ppm)	lipidClass
1	C4H8O2	[M - H]-	C4H8O2	6.568069539447792	6.568069539447792	0.0	2	1.0	-5.683365551291494	5.683365551291494	-1.183799761870785	
2	C2H6N3O	[M - H]-	C2H6N3O	-1.7221835169380673	-1.7221835169380673	0.0	2	1.0	13.800122804226692	13.800122804226692	14.241362266225128	
