rank	molecularFormula	adduct	precursorFormula	SiriusScore	TreeScore	IsotopeScore	numExplainedPeaks	explainedIntensity	medianMassErrorFragmentPeaks(ppm)	medianAbsoluteMassErrorFragmentPeaks(ppm)	massErrorPrecursor(ppm)	lipidClass
1	C6H10O2	[M - H]-	C6H10O2	33.102493199764325	30.429127546169948	2.673365653594376	5	0.8038844937320682	0.7004300568216663	3.6165549908768546	3.7757601834897168	
2	C4H8N3O	[M - H]-	C4H8N3O	0.7082165973557739	-0.16193925715575386	0.8701558545115278	3	0.3019163399299352	14.026727247886885	14.026727247886885	15.65148451452628	
