rank	molecularFormula	adduct	precursorFormula	SiriusScore	TreeScore	IsotopeScore	numExplainedPeaks	explainedIntensity	medianMassErrorFragmentPeaks(ppm)	medianAbsoluteMassErrorFragmentPeaks(ppm)	massErrorPrecursor(ppm)	lipidClass
1	C7H10O4	[M - H]-	C7H10O4	95.82543734789016	92.88720885282726	2.938228495062899	21	0.9609636698512539	-1.3169553273930197	3.306107522665983	2.0226053425968993	
1	C7H12O5	[M - H2O - H]-	C7H10O4	95.82543734789016	92.88720885282726	2.938228495062899	22	0.9609636698512539	-1.3169553273930197	3.306107522665983	-114677.73376671356	
2	C5H8N3O3	[M - H]-	C5H8N3O3	28.351705730390037	27.567749394022815	0.7839563363672204	15	0.43575983111273875	-1.9944686090882415	4.4636941405234305	10.571958275564965	
2	C5H10N3O4	[M - H2O - H]-	C5H8N3O3	28.351705730390037	27.567749394022815	0.7839563363672204	16	0.43575983111273875	-1.9944686090882415	4.4636941405234305	-114669.18441378059	
3	C8H8N4O	[M - H2O - H]-	C8H6N4	2.640083893557577	0.5128140202654601	2.127269873292117	5	0.1388930775610439	3.5384118057988907	13.692796581651477	-114686.24942357531	
3	C8H6N4	[M - H]-	C8H6N4	2.640083893557577	0.5128140202654601	2.127269873292117	4	0.1388930775610439	3.5384118057988907	13.692796581651477	-6.493051518964102	
4	C4H11N5OP	[M - H2O - H]-	C4H9N5P	-8.518472488550799	-9.355343219742755	0.8368707311919565	4	0.13587723360942666	13.493466315474569	13.493466315474569	-114688.22792800357	
4	C4H9N5P	[M - H]-	C4H9N5P	-8.518472488550799	-9.355343219742755	0.8368707311919565	3	0.13587723360942666	13.493466315474569	13.493466315474569	-8.471555947044632	
