rank	molecularFormula	adduct	precursorFormula	SiriusScore	TreeScore	IsotopeScore	numExplainedPeaks	explainedIntensity	medianMassErrorFragmentPeaks(ppm)	medianAbsoluteMassErrorFragmentPeaks(ppm)	massErrorPrecursor(ppm)	lipidClass
1	C10H16O4	[M - H2O - H]-	C10H14O3	72.35017197248871	67.40667277088718	4.943499201601532	20	0.9349986712729205	2.1691432805998234	2.721587782842104	-99455.92859352629	
2	C8H14N3O3	[M - H2O - H]-	C8H12N3O2	32.341305052643655	29.118392403800534	3.2229126488431223	15	0.8001889745179673	2.3935578237469315	2.937946972236487	-99448.51402894342	
