rank	molecularFormula	adduct	precursorFormula	SiriusScore	TreeScore	IsotopeScore	numExplainedPeaks	explainedIntensity	medianMassErrorFragmentPeaks(ppm)	medianAbsoluteMassErrorFragmentPeaks(ppm)	massErrorPrecursor(ppm)	lipidClass
1	C7H6O4	[M - H]-	C7H6O4	20.73978206422416	20.73978206422416	0.0	3	0.8864542848040777	2.7955872530356953	2.7955872530356953	2.7955872530356953	
2	C3H9NO4P	[M - H]-	C3H9NO4P	4.857237635971925	4.857237635971925	0.0	2	0.6371455877668047	0.7552867342134693	0.7552867342134693	0.7649606203652999	
3	C8H2N4	[M - H]-	C8H2N4	-0.8673602990202802	-0.8673602990202802	0.0	1	0.0	-5.944408156590969	5.944408156590969	-5.944408156590969	
4	CH7N4O3P	[M - H]-	CH7N4O3P	-2.912781738154889	-2.912781738154889	0.0	1	0.0	9.539539798763563	9.539539798763563	9.539539798763563	
5	H6N6O2S	[M - H]-	H6N6O2S	-4.331996828912539	-4.331996828912539	0.0	1	0.0	-1.6859254612822667	1.6859254612822667	-1.6859254612822667	
6	C5H4N3O3	[M - H]-	C5H4N3O3	-4.5832525690716315	-4.5832525690716315	0.0	1	0.0	11.570166431619697	11.570166431619697	11.570166431619697	
7	C2H8N3O3S	[M - H]-	C2H8N3O3S	-6.628309658206063	-6.628309658206063	0.0	1	0.0	-10.46050463968053	10.46050463968053	-10.46050463968053	
8	H8N6P2	[M - H]-	H8N6P2	-8.309475283921158	-8.309475283921158	0.0	1	0.0	-10.005661422303238	10.005661422303238	-10.005661422303238	
9	C4H5N5P	[M - H]-	C4H5N5P	-8.992609627068596	-8.992609627068596	0.0	1	0.0	-7.975034789447103	7.975034789447103	-7.975034789447103	
