rank	molecularFormula	adduct	precursorFormula	SiriusScore	TreeScore	IsotopeScore	numExplainedPeaks	explainedIntensity	medianMassErrorFragmentPeaks(ppm)	medianAbsoluteMassErrorFragmentPeaks(ppm)	massErrorPrecursor(ppm)	lipidClass
1	C8H14O3	[M - H2O - H]-	C8H12O2	42.829321564285664	39.79823194299577	3.0310896212898975	9	0.9999999999999998	1.5000452624020633	1.5000452624020633	-129498.11881612083	
2	C6H12N3O2	[M - H2O - H]-	C6H10N3O	10.079149739557803	8.959457728695536	1.1196920108622659	5	0.7453190898752653	0.8641260859201139	0.8641260859201139	-129488.46455523508	
