rank	molecularFormula	adduct	precursorFormula	SiriusScore	TreeScore	IsotopeScore	numExplainedPeaks	explainedIntensity	medianMassErrorFragmentPeaks(ppm)	medianAbsoluteMassErrorFragmentPeaks(ppm)	massErrorPrecursor(ppm)	lipidClass
1	C7H10O5	[M - H]-	C7H10O5	60.365372868884606	55.14998578043974	5.215387088444865	8	0.9308148859206536	-1.6855011077978812	3.3814740325597885	0.9999212378309997	
2	C5H8N3O4	[M - H]-	C5H8N3O4	8.407142556637385	5.592336739321903	2.8148058173154826	5	0.07777764770612129	8.735934789404302	9.667208187727129	8.759049865848619	
3	C8H6N4O	[M - H]-	C8H6N4O	4.235753198027805	0.4185717210523743	3.8171814769754304	1	0.0	-6.751741311277188	6.751741311277188	-6.728625876830926	
4	C4H9N5OP	[M - H]-	C4H9N5OP	0.5854349696511161	-1.7883686437292239	2.37380361338034	5	0.07323554546199501	12.85345857139764	12.85345857139764	-8.524255378565105	
5	C6H4N7	[M - H]-	C6H4N7	-0.7646209063779397	-3.6771574920464607	2.912536585668521	1	0.0	1.0073874959306097	1.0073874959306097	1.030502751022449	
6	C2H7N8P	[M - H]-	C2H7N8P	-6.586384927562911	-6.586384927562911	0.0	1	0.0	-0.788242047474289	0.788242047474289	-0.7651267508759729	
