rank	molecularFormula	adduct	precursorFormula	SiriusScore	TreeScore	IsotopeScore	numExplainedPeaks	explainedIntensity	medianMassErrorFragmentPeaks(ppm)	medianAbsoluteMassErrorFragmentPeaks(ppm)	massErrorPrecursor(ppm)	lipidClass
1	C10H16O6	[M - H]-	C10H16O6	160.99949114664003	157.54309722698108	3.4563939196589586	45	0.9486915790024599	1.6092951599310297	2.6454720656745203	-0.0077023211233888215	
2	C8H14N3O5	[M - H]-	C8H14N3O5	115.66552958139678	113.63283460088881	2.032694980507971	42	0.942280316114513	1.9166106266233354	3.189225498257515	5.802583925018274	
3	C11H12N4O2	[M - H]-	C11H12N4O2	81.00223968443838	78.87654989426059	2.125689790177786	32	0.604592557701366	-0.7630512051751557	3.189225498257515	-5.795088141971852	
4	C7H15N5O2P	[M - H]-	C7H15N5O2P	55.579166127623836	53.750645887767135	1.8285202398566982	28	0.5034175956455749	-0.3864230283854878	2.659854434196653	-7.139713537224903	
5	C9H10N7O	[M - H]-	C9H10N7O	15.170924442288118	12.605783975782852	2.5651404665052664	17	0.37176165803108796	0.7109507942431326	2.775875874071823	0.015198104169810135	
6	C5H13N8OP	[M - H]-	C5H13N8OP	1.528212896692807	0.5425844450154711	0.9856284516773359	12	0.10592453027686183	-1.1749815212398775	3.7418819602091613	-1.3294272909602494	
7	C7H8N10	[M - H]-	C7H8N10	0.09070898695345875	-0.936787151563351	1.0274961385168098	4	0.023342230596116603	13.90618282417097	13.90618282417097	5.825484350434464	
8	CH16N9OP2	[M - H]-	CH16N9OP2	-7.94263208726756	-7.94263208726756	0.0	7	0.10283403988067197	13.416773230950517	13.416773230950517	-2.6740526862133	
9	C3H11N11P	[M - H]-	C3H11N11P	-13.115950644257891	-13.115950644257891	0.0	4	0.023342230596116603	13.90618282417097	13.90618282417097	4.480858955304404	
