rank	molecularFormula	adduct	precursorFormula	SiriusScore	TreeScore	IsotopeScore	numExplainedPeaks	explainedIntensity	medianMassErrorFragmentPeaks(ppm)	medianAbsoluteMassErrorFragmentPeaks(ppm)	massErrorPrecursor(ppm)	lipidClass
1	C8H12O5	[M - H]-	C8H12O5	140.32418717441237	135.20448121418923	5.119705960223156	31	0.9230632297530202	1.2156446688226974	2.923634469686557	1.5127010143668007	
2	C6H10N3O4	[M - H]-	C6H10N3O4	66.70170406129719	63.731637688803175	2.970066372494016	25	0.37685936147200755	-0.004459846479340929	3.6255031052060245	8.69046952131928	
3	C9H8N4O	[M - H]-	C9H8N4O	11.772799323381747	7.805499960965549	3.967299362416198	9	0.16636683128393376	-5.5458976116914	5.5458976116914	-5.636777328318158	
4	C7H6N7	[M - H]-	C7H6N7	-0.24371779756617507	-3.7344932689474524	3.4907754713812773	4	0.04573051497064131	13.301461308638277	13.301461308638277	1.5409911784823835	
5	C5H11N5OP	[M - H]-	C5H11N5OP	-4.730890787022229	-7.644732979520884	2.913842192498655	6	0.07058223805760615	-2.7734074734239114	8.612433601645625	-7.297867575122749	
6	C3H9N8P	[M - H]-	C3H9N8P	-6.397466030364575	-6.397466030364575	0.0	4	0.04573051497064131	13.301461308638277	13.301461308638277	-0.12009906847414527	
