rank	molecularFormula	adduct	precursorFormula	SiriusScore	TreeScore	IsotopeScore	numExplainedPeaks	explainedIntensity	medianMassErrorFragmentPeaks(ppm)	medianAbsoluteMassErrorFragmentPeaks(ppm)	massErrorPrecursor(ppm)	lipidClass
1	C6H10O	[M - H]-	C6H10O	12.60574966705467	9.631300446766605	2.974449220288065	3	0.008398063541974752	0.8500619701544903	0.8898032944450329	0.8397597070480265	
2	C4H8N3	[M - H]-	C4H8N3	-1.3674731936202438	-2.286056598170595	0.9185834045503516	2	0.004381936769352905	14.478885008282315	14.478885008282315	14.672455140967053	
