rank	molecularFormula	adduct	precursorFormula	SiriusScore	TreeScore	IsotopeScore	numExplainedPeaks	explainedIntensity	medianMassErrorFragmentPeaks(ppm)	medianAbsoluteMassErrorFragmentPeaks(ppm)	massErrorPrecursor(ppm)	lipidClass
1	C12H24O3	[M - H]-	C12H24O3	22.738333398403725	16.94948973040207	5.788843668001655	2	0.8654561819535076	1.7560870437916483	1.7560870437916483	0.5661881335564426	
2	C10H22N3O2	[M - H]-	C10H22N3O2	8.83907071533029	5.10737806952482	3.73169264580547	2	0.8654561819535076	4.876207933451633	4.876207933451633	6.80642965185778	
