rank	molecularFormula	adduct	precursorFormula	SiriusScore	TreeScore	IsotopeScore	numExplainedPeaks	explainedIntensity	medianMassErrorFragmentPeaks(ppm)	medianAbsoluteMassErrorFragmentPeaks(ppm)	massErrorPrecursor(ppm)	lipidClass
1	C16H32O3	[M - H]-	C16H32O3	7.197979392967532	3.433303515784796	3.764675877182736	1	0.0	0.8095330104072901	0.8095330104072901	0.8169068719268859	
2	C14H30N3O2	[M - H]-	C14H30N3O2	-1.8661854608246182	-4.176771484205635	2.310586023381017	1	0.0	5.759920007228655	5.759920007228655	5.767293832244754	
3	C19H30N	[M - H]-	C19H30N	-3.3291634168078104	-4.614905671176733	1.2857422543689228	1	0.0	-9.0717297297811	9.0717297297811	-9.064355795398383	
