rank	molecularFormula	adduct	precursorFormula	SiriusScore	TreeScore	IsotopeScore	numExplainedPeaks	explainedIntensity	medianMassErrorFragmentPeaks(ppm)	medianAbsoluteMassErrorFragmentPeaks(ppm)	massErrorPrecursor(ppm)	lipidClass
1	C8H14O3	[M - H2O - H]-	C8H12O2	42.542990863746944	39.50268675367588	3.0403041100710637	8	1.0000000000000002	2.7670178304301993	2.7670178304301993	-129497.9563882086	
1	C8H12O2	[M - H]-	C8H12O2	42.542990863746944	39.50268675367588	3.0403041100710637	7	1.0000000000000002	2.7670178304301993	2.7670178304301993	2.8533008228470584	
2	C6H12N3O2	[M - H2O - H]-	C6H10N3O	6.944743697350571	5.883195384607761	1.0615483127428098	4	0.5647131851926271	1.4063838560894961	1.4063838560894961	-129488.30212871122	
2	C6H10N3O	[M - H]-	C6H10N3O	6.944743697350571	5.883195384607761	1.0615483127428098	3	0.5647131851926271	1.4063838560894961	1.4063838560894961	12.507560320440806	
