rank	molecularFormula	adduct	precursorFormula	SiriusScore	TreeScore	IsotopeScore	numExplainedPeaks	explainedIntensity	medianMassErrorFragmentPeaks(ppm)	medianAbsoluteMassErrorFragmentPeaks(ppm)	massErrorPrecursor(ppm)	lipidClass
1	C9H14O5	[M - H]-	C9H14O5	125.41312332828446	120.2299780983327	5.183145229951762	36	0.9146287811316297	1.8555488781787144	2.98507961342328	1.7053356005159233	
2	C7H12N3O4	[M - H]-	C7H12N3O4	62.56593810686218	59.3030750053356	3.2628631015265745	30	0.6168274441213392	1.1281445111344488	3.144070653129508	8.382791158791434	
3	C10H10N4O	[M - H]-	C10H10N4O	11.821872228632053	7.994026653353161	3.827845575278892	15	0.317641882974043	0.9529276909975429	4.925908750556714	-4.945801706558019	
4	C6H13N5OP	[M - H]-	C6H13N5OP	0.37836883197739013	-3.1061123974258966	3.4844812294032868	12	0.2407262348030431	-0.40507587306024956	6.482795484783435	-6.491108759938027	
5	C8H8N7	[M - H]-	C8H8N7	0.001955695539165525	-3.7548796217586435	3.756835317297809	3	0.029991522968463292	12.403418106959563	12.403418106959563	1.7316538515761446	
6	C4H11N8P	[M - H]-	C4H11N8P	-5.5826074448990175	-6.1373632200697825	0.554755775170765	1	0.0	0.20623965196299415	0.20623965196299415	0.1863467980547892	
7	H14N9P2	[M - H]-	H14N9P2	-9.829530847609394	-9.829530847609394	0.0	1	0.0	-1.3390673706764409	1.3390673706764409	-1.358960255325219	
