rank	molecularFormula	adduct	precursorFormula	SiriusScore	TreeScore	IsotopeScore	numExplainedPeaks	explainedIntensity	medianMassErrorFragmentPeaks(ppm)	medianAbsoluteMassErrorFragmentPeaks(ppm)	massErrorPrecursor(ppm)	lipidClass
1	C7H10O3	[M - H2O - H]-	C7H8O2	18.360107128284476	15.51859154758694	2.8415155806975356	6	1.0	3.3423928476272806	3.3423928476272806	-146369.36439999315	
2	C5H8N3O2	[M - H2O - H]-	C5H6N3O	-3.640911861226685	-4.601366249550681	0.960454388323996	2	0.0	14.593289016342444	14.593289016342444	-146358.45231625464	
