rank	molecularFormula	adduct	precursorFormula	SiriusScore	TreeScore	IsotopeScore	numExplainedPeaks	explainedIntensity	medianMassErrorFragmentPeaks(ppm)	medianAbsoluteMassErrorFragmentPeaks(ppm)	massErrorPrecursor(ppm)	lipidClass
1	C24H51NO4	[M - H]-	C24H51NO4	7.462976591549313	0.9496635640022442	6.513313027547069	1	0.0	0.6156474822398652	0.6156474822398652	0.49796510342867584	
2	C25H47N5	[M - H]-	C25H47N5	6.461259989412311	0.770770277657034	5.690489711755277	1	0.0	-2.596343337843561	2.596343337843561	-2.7140260946497037	
3	C20H47N7O2	[M - H]-	C20H47N7O2	3.5459038051702816	-0.3941970460130424	3.940100851183324	1	0.0	7.065048528987299	7.065048528987299	6.9473669091574335	
4	C25H54O2P	[M - H]-	C25H54O2P	2.1848746877745624	-1.7257640786555655	3.910638766430128	1	0.0	-9.792009547999845	9.792009547999845	-9.909693151609625	
5	C22H49N4O3	[M - H]-	C22H49N4O3	1.3640474542252763	-4.1028102557274515	5.466857709952728	1	0.0	3.840348005750102	3.840348005750102	3.722666006429575	
6	C23H52N3OP	[M - H]-	C23H52N3OP	0.7383758671740033	-4.275863432452565	5.014239299626568	1	0.0	-6.567309024626128	6.567309024626128	-6.684992248745246	
7	C27H49N2O	[M - H]-	C27H49N2O	0.3598052921677688	-4.184102697131647	4.543907989299416	1	0.0	-5.821043861080758	5.821043861080758	-5.938726997377563	
8	C21H50N6P	[M - H]-	C21H50N6P	-4.372278717123504	-9.90011136424965	5.527832647126146	1	0.0	-3.342608501252411	3.342608501252411	-3.4602913458808673	
