rank	molecularFormula	adduct	precursorFormula	SiriusScore	TreeScore	IsotopeScore	numExplainedPeaks	explainedIntensity	medianMassErrorFragmentPeaks(ppm)	medianAbsoluteMassErrorFragmentPeaks(ppm)	massErrorPrecursor(ppm)	lipidClass
1	C8H10O4	[M - H]-	C8H10O4	63.12426007794443	60.214644337033484	2.9096157409109455	8	0.8469392887681705	1.7342272279033453	3.461233474845517	2.4114142718676206	
2	C4H13NO4P	[M - H]-	C4H13NO4P	6.7849553947540375	5.090959073822157	1.693996320931881	4	0.10995422765454453	-2.6764838636896546	3.434052153443631	0.5733540031508251	
3	C6H8N3O3	[M - H]-	C6H8N3O3	5.944316041426162	4.705476032745989	1.2388400086801725	4	0.10696827944451304	5.313154091866853	8.027715019640642	10.353891289506324	
4	C9H6N4	[M - H]-	C9H6N4	1.908029624063463	0.546241484684026	1.361788139379437	1	0.0	-5.6121513129517435	5.6121513129517435	-5.499758590376668	
5	C3H12N3O3S	[M - H]-	C3H12N3O3S	-1.15950742727032	-1.5830337782715507	0.4235263510012306	2	0.030636834620537654	-9.399099259337394	9.399099259337394	-9.587589105986808	
6	C2H11N4O3P	[M - H]-	C2H11N4O3P	-1.2199404420925728	-1.2199404420925728	0.0	2	0.030636834620537654	-0.34738817860848226	8.750828052064545	8.515831020789527	
7	CH10N6O2S	[M - H]-	CH10N6O2S	-2.997394790944628	-2.997394790944628	0.0	2	0.030636834620537654	5.94825013164568	7.705754509337029	-1.6451120883481052	
8	C5H9N5P	[M - H]-	C5H9N5P	-7.206978918183353	-8.847354286381762	1.6403753681984095	1	0.0	-7.450211788252001	7.450211788252001	-7.337818859093463	
9	CH12N6P2	[M - H]-	CH12N6P2	-7.736488641506604	-7.736488641506604	0.0	1	0.0	-9.288272263552258	9.288272263552258	-9.175879127810258	
