rank	molecularFormula	adduct	precursorFormula	SiriusScore	TreeScore	IsotopeScore	numExplainedPeaks	explainedIntensity	medianMassErrorFragmentPeaks(ppm)	medianAbsoluteMassErrorFragmentPeaks(ppm)	massErrorPrecursor(ppm)	lipidClass
1	C9H14O5	[M - H2O - H]-	C9H12O4	106.52542116262903	103.41713561323516	3.108285549393871	21	0.956963084768597	1.0254664339806845	3.119432513869225	-98380.96661831698	
2	C7H12N3O4	[M - H2O - H]-	C7H10N3O3	37.46393300502171	36.00991031547541	1.4540226895463026	18	0.6281252090473352	0.11436702743932874	3.1351353045458694	-98373.63221571871	
3	C10H10N4O	[M - H2O - H]-	C10H8N4	2.0650770942622465	0.5036025051395792	1.5614745891226673	3	0.02026145112687209	-4.28765068269168	4.28765068269168	-98388.27211339977	
4	C6H13N5OP	[M - H2O - H]-	C6H11N5P	-7.064200209949117	-8.894323852815747	1.8301236428666297	3	0.05678464585242307	3.283600130086382	10.573460424734048	-98389.96945214931	
5	H12N9O2S	[M - H2O - H]-	H10N9OS	-10.823886758648822	-10.823886758648822	0.0	5	0.1110350546128871	1.501523992369642	3.847111835191038	-98377.37817524906	
