rank	molecularFormula	adduct	precursorFormula	SiriusScore	TreeScore	IsotopeScore	numExplainedPeaks	explainedIntensity	medianMassErrorFragmentPeaks(ppm)	medianAbsoluteMassErrorFragmentPeaks(ppm)	massErrorPrecursor(ppm)	lipidClass
1	C7H12O4	[M - H]-	C7H12O4	89.45674437324946	84.49169648673012	4.965047886519347	13	0.9671523906378745	1.0767117021562576	3.597441698436998	1.9965730739490448	
2	C5H10N3O3	[M - H]-	C5H10N3O3	39.34409367978037	36.495217993279375	2.8488756865009957	9	0.8547504695166762	-4.55954667803149	4.617654305514541	10.437590861516775	
3	C8H8N4	[M - H]-	C8H8N4	4.094585362777702	0.4914891871525473	3.6030961756251543	1	0.0	-6.568343534468351	6.568343534468351	-6.411175629940859	
4	C4H11N5P	[M - H]-	C4H11N5P	-7.004266602386155	-9.434639229421087	2.4303726270349335	3	0.021697980150393797	13.923458011713482	13.923458011713482	-8.364608971756512	
