rank	molecularFormula	adduct	precursorFormula	SiriusScore	TreeScore	IsotopeScore	numExplainedPeaks	explainedIntensity	medianMassErrorFragmentPeaks(ppm)	medianAbsoluteMassErrorFragmentPeaks(ppm)	massErrorPrecursor(ppm)	lipidClass
1	C9H18O5	[M - H]-	C9H18O5	138.05147284779213	134.72413113755914	3.3273417102329756	39	0.9449554456778271	1.1162910961544905	3.0540230433777236	0.4035727408444372	
2	C7H16N3O4	[M - H]-	C7H16N3O4	81.86417667322392	80.22659876902195	1.6375779042019718	34	0.8020555710102271	0.8818167390712701	3.7080021685629756	6.949794703795027	
3	C10H14N4O	[M - H]-	C10H14N4O	17.204166156502176	15.316167228154727	1.887998928347449	16	0.3375509630254464	-2.9702263864363245	6.010509035607688	-6.116848209648849	
4	C10H22S2	[M - H]-	C10H22S2	-0.9476109127137873	-0.9476109127137873	0.0	2	0.004136866570349167	-3.1412375233815792	3.1412375233815792	-3.833351345580496	
5	C8H12N7	[M - H]-	C8H12N7	-1.480069564982987	-3.6529754763490243	2.1729059113660374	8	0.16371582149555355	1.7218685659899093	7.363230882138805	0.4293737531631718	
6	C4H15N8P	[M - H]-	C4H15N8P	-6.058895645959527	-6.471560007811734	0.4126643618522068	5	0.028700820493492592	13.120667834296626	13.120667834296626	-1.0855630195311945	
7	C6H17N5OP	[M - H]-	C6H17N5OP	-7.064621124195259	-8.655340086921784	1.5907189627265248	13	0.3270098800218959	-3.755940010081034	7.475768623284924	-7.631784982204645	
