rank	molecularFormula	adduct	precursorFormula	SiriusScore	TreeScore	IsotopeScore	numExplainedPeaks	explainedIntensity	medianMassErrorFragmentPeaks(ppm)	medianAbsoluteMassErrorFragmentPeaks(ppm)	massErrorPrecursor(ppm)	lipidClass
1	C6H13N6O2	[M - H]-	C6H13N6O2	35.659323925706715	34.525009252089255	1.1343146736174585	10	0.4472463023405558	-3.385165365925688	4.026437783622591	-7.407269987379884	
2	C4H11N9O	[M - H]-	C4H11N9O	12.372954950360933	11.225470681007149	1.147484269353785	4	0.0736201378514085	-3.2828453042746006	3.2828453042746006	-0.6972466011783736	
3	C2H9N12	[M - H]-	C2H9N12	-2.9555078631558187	-2.9555078631558187	0.0	3	0.06788848817034451	13.620694888821756	13.620694888821756	6.012776785023137	
4	H14N10OP	[M - H]-	H14N10OP	-6.748303654018741	-6.748303654018741	0.0	2	0.0057316496810639874	-2.73968671918946	2.73968671918946	-2.2500905516169305	
