rank	molecularFormula	adduct	precursorFormula	SiriusScore	TreeScore	IsotopeScore	numExplainedPeaks	explainedIntensity	medianMassErrorFragmentPeaks(ppm)	medianAbsoluteMassErrorFragmentPeaks(ppm)	massErrorPrecursor(ppm)	lipidClass
1	C10H16O3	[M - H2O - H]-	C10H14O2	41.966551873185864	38.73393605758873	3.2326158155971387	8	0.8908970622075633	1.67641953268233	2.8921056058529464	-109092.1145421024	
2	C8H14N3O2	[M - H2O - H]-	C8H12N3O	21.476600503389445	19.854448514257843	1.622151989131602	7	0.8396103398021019	1.9408763853748265	3.2275052702069673	-109083.98161725966	
