rank	molecularFormula	adduct	precursorFormula	SiriusScore	TreeScore	IsotopeScore	numExplainedPeaks	explainedIntensity	medianMassErrorFragmentPeaks(ppm)	medianAbsoluteMassErrorFragmentPeaks(ppm)	massErrorPrecursor(ppm)	lipidClass
1	C8H14O4	[M - H]-	C8H14O4	63.89591937961084	60.86818047056446	3.02773890904638	15	0.9252127420230013	1.2995803502685574	2.628086910200688	1.430095752928063	
2	C6H12N3O3	[M - H]-	C6H12N3O3	17.57076511490052	16.15352574563593	1.4172393692645926	11	0.5866386098648774	1.1962298161410299	3.1790206084758927	9.187589909795749	
3	C9H10N4	[M - H]-	C9H10N4	1.7564728220111607	0.4546244183474195	1.3018484036637412	1	0.0	-6.400820839293764	6.400820839293764	-6.2968233324576985	
4	C5H13N5P	[M - H]-	C5H13N5P	-7.507054364186635	-9.101136266103325	1.5940819019166903	1	0.0	-8.196072276060852	8.196072276060852	-8.092074582524308	
