rank	molecularFormula	adduct	precursorFormula	SiriusScore	TreeScore	IsotopeScore	numExplainedPeaks	explainedIntensity	medianMassErrorFragmentPeaks(ppm)	medianAbsoluteMassErrorFragmentPeaks(ppm)	massErrorPrecursor(ppm)	lipidClass
1	C8H14O4	[M - H]-	C8H14O4	62.86957811168708	59.76448321919341	3.1050948924936783	8	0.9092950338828764	3.126402565262997	3.378081054339474	1.892303061691602	
2	C6H12N3O3	[M - H]-	C6H12N3O3	12.636575332681746	11.485193630087252	1.151381702594494	5	0.06770506726003843	3.349581989300528	4.643492891309556	9.649793632983663	
3	C9H10N4	[M - H]-	C9H10N4	2.487413955172009	0.4978074435659454	1.9896065116060637	1	0.0	-5.9732756714324005	5.9732756714324005	-5.8346124522505765	
4	C5H13N5P	[M - H]-	C5H13N5P	-7.708707767797062	-9.053646746728553	1.3449389789314918	1	0.0	-7.768526340653324	7.768526340653324	-7.62986287253775	
