rank	molecularFormula	adduct	precursorFormula	SiriusScore	TreeScore	IsotopeScore	numExplainedPeaks	explainedIntensity	medianMassErrorFragmentPeaks(ppm)	medianAbsoluteMassErrorFragmentPeaks(ppm)	massErrorPrecursor(ppm)	lipidClass
1	C10H16O5	[M - H]-	C10H16O5	120.63332619085364	116.3558994364842	4.277426754369442	32	0.9331880460883427	2.2355012539391224	3.0546032668373506	0.5246116571167602	
2	C8H14N3O4	[M - H]-	C8H14N3O4	70.59340402767614	68.86903682463004	1.7243672030461061	24	0.784070867889501	2.6441257604162587	3.3862901985292435	6.766964660355323	
3	C11H12N4O	[M - H]-	C11H12N4O	20.905749901331035	17.6450570384673	3.2606928628637344	11	0.5641826583530075	-1.558383378596769	3.722009589286557	-5.693137990398305	
4	C7H15N5OP	[M - H]-	C7H15N5OP	2.848018481802441	1.2688672844148536	1.5791511973875876	8	0.4578606453175131	-0.1501772749583401	3.490803701700538	-7.137752940120809	
5	C9H10N7	[M - H]-	C9H10N7	-1.1458638288778125	-3.655394047310036	2.5095302184322237	3	0.019367596908610285	1.5679321321322772	1.5679321321322772	0.5492150127081207	
6	C5H13N8P	[M - H]-	C5H13N8P	-5.203085739233792	-5.5350098885177985	0.3319241492840064	2	0.005081017817866295	-0.5290040225943189	0.5290040225943189	-0.8953999371465199	
7	CH16N9P2	[M - H]-	CH16N9P2	-9.575728696748346	-9.575728696748346	0.0	1	0.0	-2.2749264961426006	2.2749264961426006	-2.340014886869023	
