rank	molecularFormula	adduct	precursorFormula	SiriusScore	TreeScore	IsotopeScore	numExplainedPeaks	explainedIntensity	medianMassErrorFragmentPeaks(ppm)	medianAbsoluteMassErrorFragmentPeaks(ppm)	massErrorPrecursor(ppm)	lipidClass
1	C7H12O5	[M - H]-	C7H12O5	36.74194840416629	36.74194840416629	0.0	8	0.925860159136839	1.6614289220037661	2.975578240940261	1.5592699556915781	
2	C8H8N4O	[M - H]-	C8H8N4O	0.45547673801129474	0.45547673801129474	0.0	2	0.03771255591351479	-9.089555868833813	9.089555868833813	-6.080286595562078	
3	C8H16S2	[M - H]-	C8H16S2	-0.8975149987274977	-0.8975149987274977	0.0	1	0.0	-3.6447772461243124	3.6447772461243124	-3.4048606437543483	
4	C6H6N7	[M - H]-	C6H6N7	-3.7039252132875182	-3.7039252132875182	0.0	2	0.03771255591351479	6.516264760291556	6.516264760291556	1.589499337227697	
5	C5H10N3O4	[M - H]-	C5H10N3O4	-4.2188248060314715	-4.2188248060314715	0.0	4	0.15771627643472597	3.592398800687287	10.424025107604207	9.229055888643705	
6	C2H9N8P	[M - H]-	C2H9N8P	-6.757069701368267	-6.757069701368267	0.0	1	0.0	-0.42537017050834525	0.42537017050834525	-0.18545434052477325	
7	C4H11N5OP	[M - H]-	C4H11N5OP	-9.292726476324322	-9.292726476324322	0.0	2	0.03771255591351479	1.7938938219681964	9.889051765531384	-7.855240273476901	
