rank	molecularFormula	adduct	precursorFormula	SiriusScore	TreeScore	IsotopeScore	numExplainedPeaks	explainedIntensity	medianMassErrorFragmentPeaks(ppm)	medianAbsoluteMassErrorFragmentPeaks(ppm)	massErrorPrecursor(ppm)	lipidClass
1	C6H10O3	[M - H]-	C6H10O3	45.84288954327949	43.10740283920833	2.7354867040711572	9	0.9669310409070343	-3.2701567135742264	4.394525715431696	3.117032269015054	
2	C4H8N3O2	[M - H]-	C4H8N3O2	11.228052629148118	10.372688306956938	0.8553643221911811	6	0.9098687887578846	-5.096438780420439	5.096438780420439	13.520909279880554	
