rank	molecularFormula	adduct	precursorFormula	SiriusScore	TreeScore	IsotopeScore	numExplainedPeaks	explainedIntensity	medianMassErrorFragmentPeaks(ppm)	medianAbsoluteMassErrorFragmentPeaks(ppm)	massErrorPrecursor(ppm)	lipidClass
1	C8H12O4	[M - H]-	C8H12O4	109.2417659623992	106.18153112514324	3.060234837255965	23	0.9663780563829052	1.5947861533062084	3.287103942824011	2.0903438013239732	
2	C6H10N3O3	[M - H]-	C6H10N3O3	39.33531204146948	38.32616510173893	1.0091469397305488	18	0.5079171573041492	-0.34245613591417756	3.482514786565089	9.93923824391033	
3	C9H8N4	[M - H]-	C9H8N4	2.6957349284131276	0.5270194352399624	2.168715493173165	4	0.0708284269585094	13.599884303161435	13.599884303161435	-5.727615328417358	
4	C5H11N5P	[M - H]-	C5H11N5P	-7.620167032365931	-8.868537335458925	1.2483703030929942	4	0.0708284269585094	13.599884303161435	13.599884303161435	-7.54401857342909	
