rank	molecularFormula	adduct	precursorFormula	SiriusScore	TreeScore	IsotopeScore	numExplainedPeaks	explainedIntensity	medianMassErrorFragmentPeaks(ppm)	medianAbsoluteMassErrorFragmentPeaks(ppm)	massErrorPrecursor(ppm)	lipidClass
1	C16H32O3	[M - H]-	C16H32O3	14.012192326349897	10.512633387953876	3.49955893839602	2	0.497490799598528	1.6221452651565946	1.6221452651565946	0.8906454813512956	
2	C14H30N3O2	[M - H]-	C14H30N3O2	-1.6535252648618184	-4.178096052530129	2.5245707876683103	1	0.0	5.7709807447120225	5.7709807447120225	5.841032076634214	
3	C19H30N	[M - H]-	C19H30N	-4.613300880727492	-4.613300880727492	0.0	1	0.0	-9.060668828247804	9.060668828247804	-8.99061645734281	
