rank	molecularFormula	adduct	precursorFormula	SiriusScore	TreeScore	IsotopeScore	numExplainedPeaks	explainedIntensity	medianMassErrorFragmentPeaks(ppm)	medianAbsoluteMassErrorFragmentPeaks(ppm)	massErrorPrecursor(ppm)	lipidClass
1	C6H8O2	[M - H]-	C6H8O2	19.52422373024549	16.721567269392374	2.8026564608531164	4	1.0	-0.6981617959808761	2.523243534674209	3.3946084145305857	
2	C4H6N3O	[M - H]-	C4H6N3O	-2.550433430581996	-3.1968747904923958	0.6464413599104	2	0.07911220901654842	14.703067983436846	14.703067983436846	15.485901058258982	
