rank	molecularFormula	adduct	precursorFormula	SiriusScore	TreeScore	IsotopeScore	numExplainedPeaks	explainedIntensity	medianMassErrorFragmentPeaks(ppm)	medianAbsoluteMassErrorFragmentPeaks(ppm)	massErrorPrecursor(ppm)	lipidClass
1	C8H16O5	[M - H]-	C8H16O5	92.5256589704912	87.76390290854705	4.761756061944144	24	0.9325259121454877	1.3364407824991977	2.608373496157036	1.2707970514740088	
2	C6H14N3O4	[M - H]-	C6H14N3O4	33.13306176132639	29.784969221392974	3.348092539933414	16	0.49982155738638523	0.7834578047424927	3.6742336061464638	8.297144572619612	
3	C9H12N4O	[M - H]-	C9H12N4O	6.323714812002002	3.8680557691167836	2.4556590428852187	11	0.39773719579331024	1.6960882881176802	3.397128442269594	-5.7278571099064575	
4	C7H10N7	[M - H]-	C7H10N7	-0.7417566506868121	-3.7130883750067207	2.9713317243199087	2	0.041231633699077404	7.669709008009576	7.669709008009576	1.298490411090412	
5	C5H15N5OP	[M - H]-	C5H15N5OP	-5.67901261147313	-9.143380618021254	3.4643680065481237	6	0.28733816773605675	12.2513412217951	12.2513412217951	-7.353905278878403	
6	C3H13N8P	[M - H]-	C3H13N8P	-6.181723791534944	-6.762823696258947	0.5810999047240033	1	0.0	-0.2804601941466741	0.2804601941466741	-0.32755775803026616	
