rank	molecularFormula	adduct	precursorFormula	SiriusScore	TreeScore	IsotopeScore	numExplainedPeaks	explainedIntensity	medianMassErrorFragmentPeaks(ppm)	medianAbsoluteMassErrorFragmentPeaks(ppm)	massErrorPrecursor(ppm)	lipidClass
1	C8H14O	[M - H]-	C8H14O	14.917368628076305	11.868452413813708	3.0489162142625967	4	0.8403556992724334	2.839479886969122	2.839479886969122	3.0486930365243032	
2	C6H12N3	[M - H]-	C6H12N3	-3.433282980416802	-4.5374876002220965	1.1042046198052944	1	0.0	13.637901487805571	13.637901487805571	13.781787212597594	
