rank	molecularFormula	adduct	precursorFormula	SiriusScore	TreeScore	IsotopeScore	numExplainedPeaks	explainedIntensity	medianMassErrorFragmentPeaks(ppm)	medianAbsoluteMassErrorFragmentPeaks(ppm)	massErrorPrecursor(ppm)	lipidClass
1	C9H14O5	[M - H]-	C9H14O5	134.9997080939981	131.84639234533654	3.153315748661559	40	0.9124026607651935	0.7291093876684644	2.863617247332785	1.4566752370321927	
2	C7H12N3O4	[M - H]-	C7H12N3O4	73.7282080423218	72.52786275425514	1.2003452880666563	32	0.3944718330070094	-1.109123574051879	3.205406125939197	8.13413245572906	
3	C10H10N4O	[M - H]-	C10H10N4O	15.460826538155892	13.038522381730536	2.4223041564253567	13	0.18207618768216238	-3.123708309054383	3.448623356327279	-5.1944637239187905	
4	C6H13N5OP	[M - H]-	C6H13N5OP	7.6744684613895515	6.318462805074352	1.3560056563151996	13	0.17664878792323843	-2.4530160154616376	4.14652996069657	-6.739771161556067	
5	C10H18S2	[M - H]-	C10H18S2	-0.6788416887699116	-0.6788416887699116	0.0	4	0.020287377947282165	-2.6864550249780637	2.6864550249780637	-2.865188501486194	
6	H12N9O2S	[M - H]-	H12N9O2S	-1.1838841231583928	-1.1838841231583928	0.0	7	0.09952358782374665	4.668994903641182	4.668994903641182	4.723700021496476	
7	C8H8N7	[M - H]-	C8H8N7	-1.4903086284329685	-3.725728521905758	2.2354198934727894	4	0.030746761736512834	13.137149628291812	13.137149628291812	1.4829934946367311	
8	C4H11N8P	[M - H]-	C4H11N8P	-6.130152403386845	-6.130152403386845	0.0	4	0.030746761736512834	13.137149628291812	13.137149628291812	-0.06231394314189316	
9	H14N9P2	[M - H]-	H14N9P2	-9.858489108011632	-9.858489108011632	0.0	1	0.0	-1.6623268449917838	1.6623268449917838	-1.6076213807791702	
