rank	molecularFormula	adduct	precursorFormula	SiriusScore	TreeScore	IsotopeScore	numExplainedPeaks	explainedIntensity	medianMassErrorFragmentPeaks(ppm)	medianAbsoluteMassErrorFragmentPeaks(ppm)	massErrorPrecursor(ppm)	lipidClass
1	C7H10O5	[M - H]-	C7H10O5	85.73422491924549	82.70357794311089	3.0306469761346078	15	0.9614445272421057	-1.2635857591226554	2.781041290648181	1.2310737377006702	
2	C5H8N3O4	[M - H]-	C5H8N3O4	18.57987172855212	17.384663241611072	1.1952084869410469	9	0.23264443764833587	-2.781041290648181	4.148750218588927	8.990200572174517	
3	C8H6N4O	[M - H]-	C8H6N4O	5.735135249278205	4.194325196269219	1.5408100530089857	4	0.1006788451018483	-6.310573191224059	6.310573191224059	-6.497471590486484	
4	C8H14S2	[M - H]-	C8H14S2	-0.9178517152016825	-0.9178517152016825	0.0	1	0.0	-3.9180156488790887	3.9180156488790887	-3.7908811487466205	
5	C6H4N7	[M - H]-	C6H4N7	-2.0809271226035078	-3.6865932572051587	1.605666134601651	1	0.0	1.1345213860399046	1.1345213860399046	1.261655243823119	
6	C2H7N8P	[M - H]-	C2H7N8P	-6.577164440190135	-6.577164440190135	0.0	1	0.0	-0.6611079290793951	0.6611079290793951	-0.5339738430106395	
7	C4H9N5OP	[M - H]-	C4H9N5OP	-7.989301709764801	-9.136318760817005	1.1470170510522046	2	0.026425854694412016	2.53431429019645	10.954550039870176	-8.293100677155998	
