rank	molecularFormula	adduct	precursorFormula	SiriusScore	TreeScore	IsotopeScore	numExplainedPeaks	explainedIntensity	medianMassErrorFragmentPeaks(ppm)	medianAbsoluteMassErrorFragmentPeaks(ppm)	massErrorPrecursor(ppm)	lipidClass
1	C6H10O2	[M - H]-	C6H10O2	38.78413240658387	36.121544934328604	2.662587472255268	7	0.7924667562040968	-1.6787928146771272	3.731536523939007	3.8642074908567	
2	C4H8N3O	[M - H]-	C4H8N3O	6.290632867811954	5.975744169929831	0.3148886978821235	4	0.4127161300470676	13.616098050078968	13.616098050078968	15.739930771513457	
