rank	molecularFormula	adduct	precursorFormula	SiriusScore	TreeScore	IsotopeScore	numExplainedPeaks	explainedIntensity	medianMassErrorFragmentPeaks(ppm)	medianAbsoluteMassErrorFragmentPeaks(ppm)	massErrorPrecursor(ppm)	lipidClass
1	C8H14O5	[M - H]-	C8H14O5	89.95770221885273	86.905628190409	3.0520740284437244	13	0.8616383062920457	0.48948263922483726	3.873900993474075	1.2846828272816382	
2	C9H10N4O	[M - H]-	C9H10N4O	34.961202037685126	33.60289155543089	1.3583104822542413	7	0.8499802136921248	-4.517555113738012	4.517555113738012	-5.788580252928637	
3	C6H12N3O4	[M - H]-	C6H12N3O4	34.206476643605654	32.68972391450054	1.5167527291051126	7	0.7970478828650573	-1.8043447159751755	5.40833135366559	8.385934491393462	
4	C5H13N5OP	[M - H]-	C5H13N5OP	18.278930196207572	16.63423927284103	1.644690923366542	5	0.8298654531064501	-5.40833135366559	5.40833135366559	-7.431962854072076	
5	C7H8N7	[M - H]-	C7H8N7	14.030160111367435	12.322650108961462	1.707510002405974	3	0.7417768104471704	14.041212615334723	14.041212615334723	1.312671411032868	
6	C3H11N8P	[M - H]-	C3H11N8P	2.05306041264085	1.7123522832152869	0.34070812942556294	3	0.7417768104471704	14.041212615334723	14.041212615334723	-0.3307111902608887	
7	C9H18S2	[M - H]-	C9H18S2	-0.9153557296030597	-0.9153557296030597	0.0	1	0.0	-3.560050965312714	3.560050965312714	-3.3114742217346396	
