rank	molecularFormula	adduct	precursorFormula	SiriusScore	TreeScore	IsotopeScore	numExplainedPeaks	explainedIntensity	medianMassErrorFragmentPeaks(ppm)	medianAbsoluteMassErrorFragmentPeaks(ppm)	massErrorPrecursor(ppm)	lipidClass
1	C6H8O2	[M - H]-	C6H8O2	38.62120476071994	35.92647453956188	2.694730221158057	7	0.9437936626746505	-1.919611773828323	2.410827085100294	3.3045555600156984	
2	C4H6N3O	[M - H]-	C4H6N3O	-3.0305517716388417	-3.261872744300315	0.23132097266147333	3	0.053349550898203583	13.54799285089177	13.54799285089177	15.39584929260321	
