rank	molecularFormula	adduct	precursorFormula	SiriusScore	TreeScore	IsotopeScore	numExplainedPeaks	explainedIntensity	medianMassErrorFragmentPeaks(ppm)	medianAbsoluteMassErrorFragmentPeaks(ppm)	massErrorPrecursor(ppm)	lipidClass
1	C10H16O3	[M - H]-	C10H16O3	52.27457423549765	46.8115910020836	5.462983233414051	7	0.9294649806544766	2.985481818673082	3.4160009635303785	1.1036423981763654	
2	C8H14N3O2	[M - H]-	C8H14N3O2	16.893404349605575	13.768021028288647	3.1253833213169275	4	0.6481596372291345	-0.3805258700746421	6.246747010805157	8.436591357302452	
