rank	molecularFormula	adduct	precursorFormula	SiriusScore	TreeScore	IsotopeScore	numExplainedPeaks	explainedIntensity	medianMassErrorFragmentPeaks(ppm)	medianAbsoluteMassErrorFragmentPeaks(ppm)	massErrorPrecursor(ppm)	lipidClass
1	C7H12O3	[M - H2O - H]-	C7H10O2	59.53114369239713	56.61912502704245	2.9120186653546827	14	0.9723712174881083	1.690411763827498	3.0261283955686658	-144010.83463064034	
1	C7H10O2	[M - H]-	C7H10O2	59.53114369239713	56.61912502704245	2.9120186653546827	13	0.9723712174881083	1.690411763827498	3.0261283955686658	3.1735829380740106	
2	C5H8N3O	[M - H]-	C5H8N3O	-2.6069901893868686	-3.43724173089191	0.8302515415050413	4	0.17085051240193078	5.821702762329293	8.225794557626521	13.909798487004622	
2	C5H10N3O2	[M - H2O - H]-	C5H8N3O	-2.6069901893868686	-3.43724173089191	0.8302515415050413	5	0.17085051240193078	5.821702762329293	8.225794557626521	-144000.09841509166	
