rank	molecularFormula	adduct	precursorFormula	SiriusScore	TreeScore	IsotopeScore	numExplainedPeaks	explainedIntensity	medianMassErrorFragmentPeaks(ppm)	medianAbsoluteMassErrorFragmentPeaks(ppm)	massErrorPrecursor(ppm)	lipidClass
1	C9H14O4	[M - H]-	C9H14O4	79.25176713736806	73.86031417247983	5.391452964888226	15	0.9493146463666559	1.1338815762492338	3.3086781794821296	1.3914039515563579	
2	C7H12N3O3	[M - H]-	C7H12N3O3	41.72682116354547	38.590776313741074	3.136044849804402	12	0.8753238452846988	0.8672016826613967	3.324777982608839	8.64593233166641	
3	C10H10N4	[M - H]-	C10H10N4	4.342988545136674	0.4652213497541826	3.877767195382491	1	0.0	-5.888562094182396	5.888562094182396	-5.834531725896852	
4	C6H13N5P	[M - H]-	C6H13N5P	-5.875714475787687	-8.936544206434215	3.0608297306465277	1	0.0	-7.567416319960663	7.567416319960663	-7.513385860966541	
