rank	molecularFormula	adduct	precursorFormula	SiriusScore	TreeScore	IsotopeScore	numExplainedPeaks	explainedIntensity	medianMassErrorFragmentPeaks(ppm)	medianAbsoluteMassErrorFragmentPeaks(ppm)	massErrorPrecursor(ppm)	lipidClass
1	C11H18O4	[M - H]-	C11H18O4	71.17345218096307	67.82530961056058	3.3481425704024885	19	0.9543580161402039	1.7614834362563618	2.2096583939960706	1.817791329014804	
2	C9H16N3O3	[M - H]-	C9H16N3O3	25.437663416470667	23.908447511484333	1.5292159049863334	17	0.8571624168425119	2.0309891911734805	3.0227731014880095	8.118111317985575	
3	C12H14N4	[M - H]-	C12H14N4	3.081739143536471	0.5718304616837249	2.509908681852746	1	0.0	-4.51400508150255	4.51400508150255	-4.457696835383951	
4	C2H16N9OS	[M - H]-	C2H16N9OS	-2.770551401674976	-2.770551401674976	0.0	5	0.12445836890514005	4.75135894943733	4.75135894943733	4.9002972711390855	
5	C8H17N5P	[M - H]-	C8H17N5P	-6.868942970263436	-8.807502095536298	1.9385591252728624	1	0.0	-5.972034922606144	5.972034922606144	-5.915726594388813	
