rank	molecularFormula	adduct	precursorFormula	SiriusScore	TreeScore	IsotopeScore	numExplainedPeaks	explainedIntensity	medianMassErrorFragmentPeaks(ppm)	medianAbsoluteMassErrorFragmentPeaks(ppm)	massErrorPrecursor(ppm)	lipidClass
1	C10H16O4	[M - H2O - H]-	C10H14O3	71.6692786698697	68.47386048603616	3.195418183833543	11	0.9709923024356281	1.5178615486345348	3.2801512393895926	-99455.5643089609	
2	C8H14N3O3	[M - H2O - H]-	C8H12N3O2	42.89628693544295	41.32649736160789	1.5697895738350565	10	0.8649863971014868	0.9420153249223504	3.5064427090664183	-99448.14974683471	
3	CH14N9OS	[M - H2O - H]-	CH12N9S	-8.73281319477996	-8.73281319477996	0.0	3	0.013228979976017638	9.534984763610623	9.534984763610623	-99451.93664689733	
