rank	molecularFormula	adduct	precursorFormula	SiriusScore	TreeScore	IsotopeScore	numExplainedPeaks	explainedIntensity	medianMassErrorFragmentPeaks(ppm)	medianAbsoluteMassErrorFragmentPeaks(ppm)	massErrorPrecursor(ppm)	lipidClass
1	C6H8O5	[M - H]-	C6H8O5	93.61971932135329	90.76177258897565	2.857946732377638	13	0.9420961287453921	-1.4250544906574054	3.2365669893965285	1.8430216964383925	
2	C4H6N3O4	[M - H]-	C4H6N3O4	20.09343748264833	19.332334331705127	0.7611031509432049	8	0.35570886941388524	-2.5549076551411	9.280157213267515	10.285972057045527	
3	C7H4N4O	[M - H]-	C7H4N4O	8.28341484799389	6.534704849241575	1.7487099987523154	3	0.24527508044196464	-6.547787497556831	6.8473545332666035	-6.5666519637049765	
4	C7H12S2	[M - H]-	C7H12S2	-0.8649480748545644	-0.8649480748545644	0.0	1	0.0	-3.602661222072714	3.602661222072714	-3.6215256326629883	
5	C3H7N5OP	[M - H]-	C3H7N5OP	-0.9900462253154476	-1.6333426337562393	0.6432964084407917	5	0.3035184096157432	13.839011471581948	13.839011471581948	-8.520532544372283	
6	C5H2N7	[M - H]-	C5H2N7	-3.765006857007087	-5.172119615773992	1.407112758766905	1	0.0	1.8951627036008782	1.8951627036008782	1.876298396723438	
7	CH5N8P	[M - H]-	CH5N8P	-6.812305305985384	-6.812305305985384	0.0	1	0.0	-0.05871784038647505	0.05871784038647505	-0.07758218412258734	
