rank	molecularFormula	adduct	precursorFormula	SiriusScore	TreeScore	IsotopeScore	numExplainedPeaks	explainedIntensity	medianMassErrorFragmentPeaks(ppm)	medianAbsoluteMassErrorFragmentPeaks(ppm)	massErrorPrecursor(ppm)	lipidClass
1	C4H13N2O6	[M - H]-	C4H13N2O6	33.08250807226643	33.08250807226643	0.0	9	0.1672149934344037	-4.936821006404732	4.936821006404732	-0.62304518999144	
2	C5H9N6O2	[M - H]-	C5H9N6O2	29.23533149534374	29.23533149534374	0.0	11	0.2083729258684493	-4.42345188197948	4.42345188197948	-7.888717043140637	
3	C2H11N5O5	[M - H]-	C2H11N5O5	7.89527131535918	7.89527131535918	0.0	5	0.10468902948549601	13.915918298258967	13.915918298258967	6.6713765994567655	
4	C3H7N9O	[M - H]-	C3H7N9O	4.986738784781779	4.986738784781779	0.0	4	0.08520950220842784	14.007904537582386	14.007904537582386	-0.5942952532292101	
5	CH12N7O2P	[M - H]-	CH12N7O2P	-3.8658671817806525	-3.8658671817806525	0.0	1	0.0	NaN	NaN	-9.576803372536212	
6	CH5N12	[M - H]-	CH5N12	-7.584411987738877	-7.584411987738877	0.0	2	0.04736779276590664	14.190190238789368	14.190190238789368	6.700126536373403	
