rank	molecularFormula	adduct	precursorFormula	SiriusScore	TreeScore	IsotopeScore	numExplainedPeaks	explainedIntensity	medianMassErrorFragmentPeaks(ppm)	medianAbsoluteMassErrorFragmentPeaks(ppm)	massErrorPrecursor(ppm)	lipidClass
1	C6H10O4	[M - H]-	C6H10O4	24.454652867255437	21.673840188658872	2.7808126785965657	4	0.9239183232886571	2.2523546680068742	2.4173976835090487	2.8104044654217164	
2	C7H6N4	[M - H]-	C7H6N4	2.5047384596079985	0.550725198256123	1.9540132613518755	1	0.0	-6.485579012698759	6.485579012698759	-6.409743145944419	
3	C4H8N3O3	[M - H]-	C4H8N3O3	-4.0108402518827315	-4.561028907398807	0.5501886555160755	1	0.0	11.991201320862988	11.991201320862988	12.067035786423766	
4	C3H9N5P	[M - H]-	C3H9N5P	-9.16427630169583	-9.699283366443193	0.5350070647473637	1	0.0	-8.627763057523797	8.627763057523797	-8.551927028316126	
