rank	molecularFormula	adduct	precursorFormula	SiriusScore	TreeScore	IsotopeScore	numExplainedPeaks	explainedIntensity	medianMassErrorFragmentPeaks(ppm)	medianAbsoluteMassErrorFragmentPeaks(ppm)	massErrorPrecursor(ppm)	lipidClass
1	C6H10O3	[M - H2O - H]-	C6H8O2	22.098278663546843	19.293857841474946	2.8044208220718967	6	0.9999999999999998	-0.6200774327888974	1.847366073938516	-162187.73140658048	
2	C4H8N3O2	[M - H2O - H]-	C4H6N3O	-3.7724915928354914	-4.5245407246603975	0.7520491318249061	2	0.0	15.197735351121183	15.197735351121183	-162175.64011067044	
