rank	molecularFormula	adduct	precursorFormula	SiriusScore	TreeScore	IsotopeScore	numExplainedPeaks	explainedIntensity	medianMassErrorFragmentPeaks(ppm)	medianAbsoluteMassErrorFragmentPeaks(ppm)	massErrorPrecursor(ppm)	lipidClass
1	C10H16O4	[M - H]-	C10H16O4	109.36914152282299	104.0473097994387	5.321831723384296	29	0.8663010829410887	1.5960464820769065	2.74453670522064	1.2429070197311298	
2	C8H14N3O3	[M - H]-	C8H14N3O3	43.876961410912486	40.97491387021034	2.9020475407021467	23	0.5010990528581128	-1.1875881411206997	3.602602858317939	7.986747472477004	
3	C11H12N4	[M - H]-	C11H12N4	4.907017212966003	0.44274170985830885	4.464275503107694	4	0.03407063860149839	-1.5853505882132772	2.5993246701974226	-5.474353534952836	
4	C7H15N5P	[M - H]-	C7H15N5P	-6.26124377009989	-8.961247479821614	2.7000037097217238	3	0.02561195953644137	-3.602602858317939	3.602602858317939	-7.035023483034408	
