rank	molecularFormula	adduct	precursorFormula	SiriusScore	TreeScore	IsotopeScore	numExplainedPeaks	explainedIntensity	medianMassErrorFragmentPeaks(ppm)	medianAbsoluteMassErrorFragmentPeaks(ppm)	massErrorPrecursor(ppm)	lipidClass
1	C11H18O4	[M - H]-	C11H18O4	61.87647345707441	58.58480756726552	3.291665889808887	14	0.8976560023371603	1.5085497747564085	1.7396911056375393	1.6300983285376796	
2	C9H16N3O3	[M - H]-	C9H16N3O3	25.54997735335681	23.77214062798059	1.7778367253762166	13	0.840271259766657	1.5818806600331514	1.9935187684444746	7.930419500036562	
3	C12H14N4	[M - H]-	C12H14N4	2.4996985805851173	0.5661135455706903	1.933585035014427	1	0.0	-4.565620979359622	4.565620979359622	-4.645391013728419	
4	C2H16N9OS	[M - H]-	C2H16N9OS	-3.8034500564645093	-3.8034500564645093	0.0	4	0.17303687864792797	4.7231745252312285	4.7231745252312285	4.7126048492278025	
5	C8H17N5P	[M - H]-	C8H17N5P	-6.578057148738555	-8.813772738110645	2.2357155893720893	1	0.0	-6.0236508957203965	6.0236508957203965	-6.103421046395759	
