rank	molecularFormula	adduct	precursorFormula	SiriusScore	TreeScore	IsotopeScore	numExplainedPeaks	explainedIntensity	medianMassErrorFragmentPeaks(ppm)	medianAbsoluteMassErrorFragmentPeaks(ppm)	massErrorPrecursor(ppm)	lipidClass
1	C6H10O4	[M - H]-	C6H10O4	78.0558876232799	75.26292765945469	2.792959963825217	12	0.9520913981476347	-2.1082559798326863	2.9040139590858374	2.7414634044783406	
2	C4H8N3O3	[M - H]-	C4H8N3O3	7.917080823245815	7.260038766109769	0.6570420571360462	7	0.37185735677444404	-4.573239899119928	8.742361230315078	11.998095363644167	
3	C7H6N4	[M - H]-	C7H6N4	2.4016646253806284	0.5456802024736898	1.8559844229069387	3	0.2054483944318119	13.68419277759756	13.68419277759756	-6.47868484253634	
4	C3H9N5P	[M - H]-	C3H9N5P	-9.04908870817637	-9.704845349011999	0.655756640835629	3	0.2054483944318119	13.68419277759756	13.68419277759756	-8.620868872592892	
