rank	molecularFormula	adduct	precursorFormula	SiriusScore	TreeScore	IsotopeScore	numExplainedPeaks	explainedIntensity	medianMassErrorFragmentPeaks(ppm)	medianAbsoluteMassErrorFragmentPeaks(ppm)	massErrorPrecursor(ppm)	lipidClass
1	C5H8O4	[M - H]-	C5H8O4	43.063347402182195	40.411528500052285	2.65181890212991	5	0.9365592713668863	-0.9425451496549174	2.7375522342248417	2.7299207261147163	
2	C6H4N4	[M - H]-	C6H4N4	2.335709011297409	0.5293600954261057	1.806348915871303	1	0.0	-7.468793548339069	7.468793548339069	-7.476425134339218	
3	C3H6N3O3	[M - H]-	C3H6N3O3	-4.320158170662479	-4.534201743463907	0.21404357280142738	1	0.0	12.98428406825671	12.98428406825671	12.976652638344815	
4	C2H7N5P	[M - H]-	C2H7N5P	-9.794261982263368	-9.794261982263368	0.0	1	0.0	-9.840108016923951	9.840108016923951	-9.847739621020855	
