rank	molecularFormula	adduct	precursorFormula	SiriusScore	TreeScore	IsotopeScore	numExplainedPeaks	explainedIntensity	medianMassErrorFragmentPeaks(ppm)	medianAbsoluteMassErrorFragmentPeaks(ppm)	massErrorPrecursor(ppm)	lipidClass
1	C9H16O3	[M - H]-	C9H16O3	60.54903989664076	60.54903989664076	0.0	15	0.9322272883647233	2.3031738061951863	2.632955575535057	2.4083733067200703	
2	C7H14N3O2	[M - H]-	C7H14N3O2	31.973386745471934	31.973386745471934	0.0	11	0.7821407978447628	1.2862933747803151	3.112898435745339	10.255596161969077	
