rank	molecularFormula	adduct	precursorFormula	SiriusScore	TreeScore	IsotopeScore	numExplainedPeaks	explainedIntensity	medianMassErrorFragmentPeaks(ppm)	medianAbsoluteMassErrorFragmentPeaks(ppm)	massErrorPrecursor(ppm)	lipidClass
1	C7H12O2	[M - H]-	C7H12O2	28.884589969575234	25.98077425211377	2.9038157174614656	6	0.9128753070625897	-1.4873747365483276	2.4274088652501695	3.1227410069557604	
2	C5H10N3O	[M - H]-	C5H10N3O	11.222360016783098	10.257674832203248	0.964685184579849	4	0.8424416055544546	-5.6921176437677925	10.008578292725609	13.68866233729973	
