rank	molecularFormula	adduct	precursorFormula	SiriusScore	TreeScore	IsotopeScore	numExplainedPeaks	explainedIntensity	medianMassErrorFragmentPeaks(ppm)	medianAbsoluteMassErrorFragmentPeaks(ppm)	massErrorPrecursor(ppm)	lipidClass
1	C16H32O3	[M - H]-	C16H32O3	16.65885986129351	13.103575101122754	3.5552847601707565	2	0.8924587237840249	-4.092406291039145	4.887191578081	0.8537761778936487	
2	C14H30N3O2	[M - H]-	C14H30N3O2	7.4035035872954245	4.852323819162809	2.5511797681326156	2	0.8924587237840249	9.758896330299601	9.758896330299601	5.804162955694036	
3	C19H30N	[M - H]-	C19H30N	-4.53839579481383	-4.617046894755961	0.07865109994213082	1	0.0	-9.086477598872783	9.086477598872783	-9.027486125116026	
