rank	molecularFormula	adduct	precursorFormula	SiriusScore	TreeScore	IsotopeScore	numExplainedPeaks	explainedIntensity	medianMassErrorFragmentPeaks(ppm)	medianAbsoluteMassErrorFragmentPeaks(ppm)	massErrorPrecursor(ppm)	lipidClass
1	C18H34O3	[M - H]-	C18H34O3	3.4590591064877207	3.4590591064877207	0.0	1	0.0	0.5029681257551996	0.5029681257551996	0.6106238435418883	
2	C14H30N6O	[M - H]-	C14H30N6O	-0.07814684847891207	-0.07814684847891207	0.0	1	0.0	9.537199260380554	9.537199260380554	9.644854005580115	
3	C16H32N3O2	[M - H]-	C16H32N3O2	-4.090227948099477	-4.090227948099477	0.0	1	0.0	5.020083692876641	5.020083692876641	5.127738924369766	
4	C21H32N	[M - H]-	C21H32N	-4.53511062640775	-4.53511062640775	0.0	1	0.0	-8.513459433761184	8.513459433761184	-8.405802745304026	
5	C17H35N2P	[M - H]-	C17H35N2P	-4.686536078027381	-4.686536078027381	0.0	1	0.0	-9.558817278050919	9.558817278050919	-9.451160477054955	
6	C4H26N16	[M - H]-	C4H26N16	-4.8025327303667265	-5.816167845134972	1.013635114768245	1	0.0	-5.686849179448562	5.686849179448562	-5.579192795292313	
