rank	molecularFormula	adduct	precursorFormula	SiriusScore	TreeScore	IsotopeScore	numExplainedPeaks	explainedIntensity	medianMassErrorFragmentPeaks(ppm)	medianAbsoluteMassErrorFragmentPeaks(ppm)	massErrorPrecursor(ppm)	lipidClass
1	C8H14O5	[M - H]-	C8H14O5	116.93526880156912	111.77428902166979	5.160979779899335	29	0.916012572062457	0.984489886210524	2.5470160392221652	1.2846828272816382	
2	C6H12N3O4	[M - H]-	C6H12N3O4	57.31639163488681	54.028039738320956	3.2883518965658576	24	0.8268147973847421	0.832248096541327	3.1280464782906776	8.385934491393462	
3	C9H10N4O	[M - H]-	C9H10N4O	12.68371867117655	9.16538255571429	3.51833611546226	14	0.2752743835823656	-0.21816815630586095	4.038494871572508	-5.788580252928637	
4	C7H8N7	[M - H]-	C7H8N7	-0.30147383410991324	-3.709595832112608	3.4081219980026947	3	0.014895709027345917	13.606651408113347	13.606651408113347	1.312671411032868	
5	C5H13N5OP	[M - H]-	C5H13N5OP	-5.728524833842006	-8.938881668287904	3.2103568344458973	8	0.1875262618283275	-1.9400359029234981	3.9180632935367763	-7.431962854072076	
6	C3H11N8P	[M - H]-	C3H11N8P	-6.5863850085090885	-6.5863850085090885	0.0	4	0.018286636300989968	8.147641135674956	8.147641135674956	-0.3307111902608887	
