rank	molecularFormula	adduct	precursorFormula	SiriusScore	TreeScore	IsotopeScore	numExplainedPeaks	explainedIntensity	medianMassErrorFragmentPeaks(ppm)	medianAbsoluteMassErrorFragmentPeaks(ppm)	massErrorPrecursor(ppm)	lipidClass
1	C8H12O5	[M - H2O - H]-	C8H10O4	69.47062104049675	66.56171472393162	2.9089063165651314	11	0.9094215507652833	1.668364115607253	2.340161662153534	-106537.39024778886	
2	C6H10N3O4	[M - H2O - H]-	C6H8N3O3	8.793430508884914	7.484785928724635	1.3086445801602782	6	0.08790353947880201	-1.6908337598457657	2.188698693172014	-106529.44776654278	
3	C9H8N4O	[M - H2O - H]-	C9H6N4	1.6506478175461101	0.5019138145544157	1.1487340029916944	2	0.0	-6.0735532806995565	6.0735532806995565	-106545.30142486306	
4	C5H11N5OP	[M - H2O - H]-	C5H9N5P	-7.279562462497882	-8.896182615326481	1.6166201528285986	2	0.0	-7.911614604079774	7.911614604079774	-106547.13948611017	
