rank	molecularFormula	adduct	precursorFormula	SiriusScore	TreeScore	IsotopeScore	numExplainedPeaks	explainedIntensity	medianMassErrorFragmentPeaks(ppm)	medianAbsoluteMassErrorFragmentPeaks(ppm)	massErrorPrecursor(ppm)	lipidClass
1	C8H14O2	[M - H2O - H]-	C8H12O	33.094496911619046	30.090739167614412	3.0037577440046355	6	0.9752271686214353	2.2286317373284095	2.2286317373284095	-146326.61165325684	
2	C6H12N3O	[M - H2O - H]-	C6H10N3	-3.5335235372767047	-4.552367845298057	1.0188443080213523	2	0.0	14.032378179131582	14.032378179131582	-146315.7027904293	
