rank	molecularFormula	adduct	precursorFormula	SiriusScore	TreeScore	IsotopeScore	numExplainedPeaks	explainedIntensity	medianMassErrorFragmentPeaks(ppm)	medianAbsoluteMassErrorFragmentPeaks(ppm)	massErrorPrecursor(ppm)	lipidClass
1	C8H14O3	[M - H]-	C8H14O3	99.60248124776965	96.51201141095828	3.090469836811365	17	0.9175395564406895	-0.28204513941449544	3.772830226329561	1.6687798691001192	
2	C6H12N3O2	[M - H]-	C6H12N3O2	49.31061559715819	47.955970284625494	1.3546453125326938	13	0.5550422106211148	-0.44854797326471	4.692812882255101	10.21615556991752	
