rank	molecularFormula	adduct	precursorFormula	SiriusScore	TreeScore	IsotopeScore	numExplainedPeaks	explainedIntensity	medianMassErrorFragmentPeaks(ppm)	medianAbsoluteMassErrorFragmentPeaks(ppm)	massErrorPrecursor(ppm)	lipidClass
1	C6H10O4	[M - H]-	C6H10O4	46.91723082827277	44.16938953212632	2.7478412961464516	5	0.9394232365550446	1.9680399620180244	2.188698693172014	2.8104044654217164	
2	C7H6N4	[M - H]-	C7H6N4	2.6296514271232088	0.555197285330737	2.074454141792472	1	0.0	-6.430425653865097	6.430425653865097	-6.409743145944419	
3	C4H8N3O3	[M - H]-	C4H8N3O3	-4.105288316537071	-4.56672228867333	0.46143397213625903	1	0.0	12.046353660646764	12.046353660646764	12.067035786423766	
4	C3H9N5P	[M - H]-	C3H9N5P	-9.261161811609151	-9.694352152153607	0.43319034054445593	1	0.0	-8.572609580542256	8.572609580542256	-8.551927028316126	
