rank	molecularFormula	adduct	precursorFormula	SiriusScore	TreeScore	IsotopeScore	numExplainedPeaks	explainedIntensity	medianMassErrorFragmentPeaks(ppm)	medianAbsoluteMassErrorFragmentPeaks(ppm)	massErrorPrecursor(ppm)	lipidClass
1	C6H10O3	[M - H]-	C6H10O3	32.21975464421235	29.525840873399538	2.6939137708128134	6	1.0	-1.084519512258088	3.577388862203641	3.5044592642858508	
2	C4H8N3O2	[M - H]-	C4H8N3O2	4.7824919853875265	4.344437227941201	0.4380547574463254	4	0.4913052909383417	-4.93108374768024	9.179660550741803	13.908332244395979	
