rank	molecularFormula	adduct	precursorFormula	SiriusScore	TreeScore	IsotopeScore	numExplainedPeaks	explainedIntensity	medianMassErrorFragmentPeaks(ppm)	medianAbsoluteMassErrorFragmentPeaks(ppm)	massErrorPrecursor(ppm)	lipidClass
1	C8H10O4	[M - H2O - H]-	C8H8O3	37.27832371567953	34.24190167271144	3.0364220429680855	10	0.9349123715555071	2.5909355225047683	3.037062113725974	-119240.566157559	
2	C4H13NO4P	[M - H2O - H]-	C4H11NO3P	16.511289809230092	15.677198484922286	0.8340913243078056	9	0.8179835918122598	0.34296519083149474	0.6775982866131453	-119242.62339413563	
3	CH10N6O2S	[M - H2O - H]-	CH8N6OS	6.362844159253907	6.362844159253907	0.0	5	0.3054185178118782	-2.0335869337321144	2.0335869337321144	-119245.10639736743	
4	C6H8N3O3	[M - H2O - H]-	C6H6N3O2	1.877581817889503	0.8692147944730197	1.0083670234164832	6	0.5033661315380631	0.2054966476483369	7.360790819349883	-119231.67659364868	
5	C2H11N4O3P	[M - H2O - H]-	C2H9N4O2P	-1.3992524837462081	-1.3992524837462081	0.0	4	0.35948104336449616	0.653894943864586	3.2083636100015385	-119233.7338302253	
6	C3H12N3O3S	[M - H2O - H]-	C3H10N3O2S	-6.098816644628156	-6.098816644628156	0.0	2	0.0	-10.838870063680757	10.838870063680757	-119253.99596127777	
