rank	molecularFormula	adduct	precursorFormula	SiriusScore	TreeScore	IsotopeScore	numExplainedPeaks	explainedIntensity	medianMassErrorFragmentPeaks(ppm)	medianAbsoluteMassErrorFragmentPeaks(ppm)	massErrorPrecursor(ppm)	lipidClass
1	C9H14O3	[M - H]-	C9H14O3	101.21015771316276	96.40631080220405	4.803846910958715	14	0.9196989006538907	1.5988373278631256	2.9312451978380647	2.2600388353322702	
2	C7H12N3O2	[M - H]-	C7H12N3O2	34.28209031413295	31.573986806289405	2.7081035078435454	10	0.18874688836217682	-0.9197450577444564	2.9768698700015994	10.200807928591136	
