rank	molecularFormula	adduct	precursorFormula	SiriusScore	TreeScore	IsotopeScore	numExplainedPeaks	explainedIntensity	medianMassErrorFragmentPeaks(ppm)	medianAbsoluteMassErrorFragmentPeaks(ppm)	massErrorPrecursor(ppm)	lipidClass
1	C9H14O5	[M - H2O - H]-	C9H12O4	109.40169385166102	106.19472980578178	3.2069640458792414	23	0.9492743078699575	2.3353696972965987	3.1084257960040604	-98381.02661730883	
2	C7H12N3O4	[M - H2O - H]-	C7H10N3O3	31.428831126543685	30.050236078265552	1.3785950482781308	17	0.4590190482449141	1.1383375248359282	3.1084257960040604	-98373.69221430992	
3	C10H10N4O	[M - H2O - H]-	C10H8N4	2.3728239204694277	0.4862729651445039	1.8865509553249238	2	0.0	-5.756397426807984	5.756397426807984	-98388.33211279065	
4	C6H13N5OP	[M - H2O - H]-	C6H11N5P	-7.245201916393993	-8.913393598269531	1.668191681875538	2	0.0	-7.453736306312906	7.453736306312906	-98390.02945163292	
5	H12N9O2S	[M - H2O - H]-	H10N9OS	-7.481045662191438	-7.481045662191438	0.0	7	0.2279194322139713	1.7690516407011863	3.813352922241495	-98377.43817404489	
