rank	molecularFormula	adduct	precursorFormula	SiriusScore	TreeScore	IsotopeScore	numExplainedPeaks	explainedIntensity	medianMassErrorFragmentPeaks(ppm)	medianAbsoluteMassErrorFragmentPeaks(ppm)	massErrorPrecursor(ppm)	lipidClass
1	C8H14O	[M - H]-	C8H14O	17.56540578618226	14.52895493444505	3.03645085173721	5	0.8148950761212455	3.2412603942210683	3.250330867002563	3.0486930365243032	
2	C6H12N3	[M - H]-	C6H12N3	-1.252084736016612	-2.279362270475297	1.0272775344586849	2	0.13400082293238239	13.40376059313527	13.40376059313527	13.781787212597594	
