rank	molecularFormula	adduct	precursorFormula	SiriusScore	TreeScore	IsotopeScore	numExplainedPeaks	explainedIntensity	medianMassErrorFragmentPeaks(ppm)	medianAbsoluteMassErrorFragmentPeaks(ppm)	massErrorPrecursor(ppm)	lipidClass
1	C6H10O2	[M - H]-	C6H10O2	29.64755856130288	26.922862905921985	2.7246956553808963	4	0.5665986226504227	-2.9094895141690444	4.602040563164214	3.8642074908567	
2	C4H8N3O	[M - H]-	C4H8N3O	7.115501540044299	6.3710248128306475	0.7444767272136512	3	0.4024305149241764	14.312922171598325	14.312922171598325	15.739930771513457	
