rank	molecularFormula	adduct	precursorFormula	SiriusScore	TreeScore	IsotopeScore	numExplainedPeaks	explainedIntensity	medianMassErrorFragmentPeaks(ppm)	medianAbsoluteMassErrorFragmentPeaks(ppm)	massErrorPrecursor(ppm)	lipidClass
1	C3H9N9O2	[M - H]-	C3H9N9O2	23.51192599208896	23.51192599208896	0.0	7	0.11862914227557189	-1.1864620761682525	1.1864620761682525	-0.9603893371866368	
2	C5H11N6O3	[M - H]-	C5H11N6O3	8.1361799903114	8.1361799903114	0.0	8	0.08350596574299307	-4.908226030032602	4.908226030032602	-7.604693622969457	
3	C16H11	[M - H]-	C16H11	-0.9541639775587236	-1.9927744299404049	1.0386104523816813	1	0.0	8.210096646431039	8.210096646431039	8.170508777841926	
4	C12H14NP	[M - H]-	C12H14NP	-3.1558833246181868	-4.289129876286294	1.1332465516681074	1	0.0	6.672461572480286	6.672461572480286	6.632873643018978	
5	C13H15S	[M - H]-	C13H15S	-6.089735633074054	-6.138721780651227	0.0489861475771729	1	0.0	-8.472011229619623	8.472011229619623	-8.511599758623253	
6	CH7N12O	[M - H]-	CH7N12O	-7.15884759824318	-7.15884759824318	0.0	4	0.10041431778318334	9.541989948689164	9.541989948689164	5.683914948455538	
7	C8H17N2P2	[M - H]-	C8H17N2P2	-8.708556259797247	-8.708556259797247	0.0	1	0.0	5.134826498388887	5.134826498388887	5.095238508055384	
