rank	molecularFormula	adduct	precursorFormula	SiriusScore	TreeScore	IsotopeScore	numExplainedPeaks	explainedIntensity	medianMassErrorFragmentPeaks(ppm)	medianAbsoluteMassErrorFragmentPeaks(ppm)	massErrorPrecursor(ppm)	lipidClass
1	C9H12O3	[M - H]-	C9H12O3	89.1085027301375	85.91871425008834	3.189788480049165	12	0.8907512057993896	2.8187207180642773	3.0143565736281976	1.9285618679718406	
2	C7H10N3O2	[M - H]-	C7H10N3O2	40.57151816511172	39.41221492897118	1.1593032361405362	10	0.318393615280198	2.8819943564322816	3.1393863446848362	9.96513586790863	
3	C5H15NO3P	[M - H]-	C5H15NO3P	32.1947958309117	31.288826803682834	0.9059690272288653	9	0.19936364599077722	0.3512257408539817	1.0389849575056038	0.0687255305932351	
4	C2H12N6OS	[M - H]-	C2H12N6OS	7.018944069385867	7.018944069385867	0.0	3	0.02991634014614	-1.6494422328433953	1.6494422328433953	-2.176023415380034	
5	C3H13N4O2P	[M - H]-	C3H13N4O2P	0.6995573084576103	0.6995573084576103	0.0	5	0.05338730950295072	0.3512257408539817	3.4314848245754104	8.105299530700142	
6	C4H14N3O2S	[M - H]-	C4H14N3O2S	-1.5739718850624476	-1.5739718850624476	0.0	2	0.011480365446266112	-10.095769575541215	10.095769575541215	-10.212597415316823	
7	H10N9S	[M - H]-	H10N9S	-10.370491133719565	-10.370491133719565	0.0	1	0.0	5.776754705733195	5.776754705733195	5.860550584726873	
