rank	molecularFormula	adduct	precursorFormula	SiriusScore	TreeScore	IsotopeScore	numExplainedPeaks	explainedIntensity	medianMassErrorFragmentPeaks(ppm)	medianAbsoluteMassErrorFragmentPeaks(ppm)	massErrorPrecursor(ppm)	lipidClass
1	C8H14O5	[M - H]-	C8H14O5	88.6154892193558	85.62564126486797	2.9898479544878307	20	0.8788734643786277	2.366448308921658	3.6802999441500797	1.6020132022616582	
2	C6H12N3O4	[M - H]-	C6H12N3O4	36.904265474913764	36.113194149614266	0.7910713252994983	15	0.8146621107622735	1.3445703437751693	3.9169465542588937	8.703262612927734	
3	C9H10N4O	[M - H]-	C9H10N4O	11.268418682212115	8.85797361531413	2.4104450668979855	12	0.6513808509118114	-2.0483026728180564	6.0316165996713735	-5.471247633384508	
4	C9H18S2	[M - H]-	C9H18S2	-0.8620796686092453	-0.8620796686092453	0.0	2	0.019879545922591658	-3.1329010094812295	3.1329010094812295	-2.994142388252506	
5	C7H8N7	[M - H]-	C7H8N7	-1.7689253577616877	-3.7353623847232065	1.9664370269615188	4	0.07085608133382089	7.968825331955678	7.968825331955678	1.630001777131249	
6	C5H13N5OP	[M - H]-	C5H13N5OP	-2.0039473117175035	-2.9068865906143566	0.9029392788968531	7	0.5485493815485872	13.635622167135372	13.635622167135372	-7.11462971303206	
7	C3H11N8P	[M - H]-	C3H11N8P	-6.562945019532392	-6.562945019532392	0.0	1	0.0	-0.018669149130323026	0.018669149130323026	-0.013380302666620818	
