rank	molecularFormula	adduct	precursorFormula	SiriusScore	TreeScore	IsotopeScore	numExplainedPeaks	explainedIntensity	medianMassErrorFragmentPeaks(ppm)	medianAbsoluteMassErrorFragmentPeaks(ppm)	massErrorPrecursor(ppm)	lipidClass
1	C6H10O3	[M - H]-	C6H10O3	79.63346479275171	74.98858813247654	4.644876660275166	10	0.9452372673275757	-3.0870118596002527	3.8541038768841975	2.9620613868506083	
2	C4H8N3O2	[M - H]-	C4H8N3O2	32.426055483593295	30.128193995064287	2.2978614885290085	6	0.6983259649297103	5.671373450207597	11.999938746593251	13.365940010019132	
