rank	molecularFormula	adduct	precursorFormula	SiriusScore	TreeScore	IsotopeScore	numExplainedPeaks	explainedIntensity	medianMassErrorFragmentPeaks(ppm)	medianAbsoluteMassErrorFragmentPeaks(ppm)	massErrorPrecursor(ppm)	lipidClass
1	C6H10O3	[M - H]-	C6H10O3	47.75935792651908	45.045753206777164	2.7136047197419138	9	0.9882259584387244	-1.7389975435911142	3.511677101075623	3.426973889247716	
2	C4H8N3O2	[M - H]-	C4H8N3O2	15.221561362092963	14.681299693998668	0.5402616680942947	6	0.9176362644447749	6.243546257453102	11.674153139147794	13.830847675508668	
