rank	molecularFormula	adduct	precursorFormula	SiriusScore	TreeScore	IsotopeScore	numExplainedPeaks	explainedIntensity	medianMassErrorFragmentPeaks(ppm)	medianAbsoluteMassErrorFragmentPeaks(ppm)	massErrorPrecursor(ppm)	lipidClass
1	C9H14O3	[M - H]-	C9H14O3	82.20781004239562	76.96287633302934	5.244933709366278	15	0.9060394324760367	1.0355026675760297	2.744019857670468	2.200897953195608	
2	C7H12N3O2	[M - H]-	C7H12N3O2	15.389856243331398	12.803448260217296	2.586407983114102	11	0.18788554617063685	0.9108447607981874	2.744019857670468	10.141667516079625	
