rank	molecularFormula	adduct	precursorFormula	SiriusScore	TreeScore	IsotopeScore	numExplainedPeaks	explainedIntensity	medianMassErrorFragmentPeaks(ppm)	medianAbsoluteMassErrorFragmentPeaks(ppm)	massErrorPrecursor(ppm)	lipidClass
1	C12H23NO3	[M - H]-	C12H23NO3	26.78645790535821	23.30495522488704	3.4815026804711695	8	0.8981782255287937	1.1631165102519685	1.1631165102519685	0.75760680140657	
2	C10H21N4O2	[M - H]-	C10H21N4O2	2.209822331502135	0.28312062035466923	1.9267017111474658	5	0.26612577279463495	2.9983757334486434	2.9983757334486434	6.642424207855942	
