rank	molecularFormula	adduct	precursorFormula	SiriusScore	TreeScore	IsotopeScore	numExplainedPeaks	explainedIntensity	medianMassErrorFragmentPeaks(ppm)	medianAbsoluteMassErrorFragmentPeaks(ppm)	massErrorPrecursor(ppm)	lipidClass
1	C10H16O5	[M - H]-	C10H16O5	117.42608000568336	110.27414862782177	7.15193137786158	36	0.933994267650494	2.1248624901076107	2.798281513823995	0.5246116571167602	
2	C8H14N3O4	[M - H]-	C8H14N3O4	64.37753941869603	61.418981253116094	2.958558165579935	32	0.6962572302148234	2.0018638848362107	3.168306276109342	6.766964660355323	
3	C11H12N4O	[M - H]-	C11H12N4O	35.80744026357107	31.593039230759594	4.214401032811471	18	0.342135160669226	1.228758613161297	3.639309105307035	-5.693137990398305	
4	C7H15N5OP	[M - H]-	C7H15N5OP	16.672164300138142	13.972471126291978	2.699693173846165	16	0.32882478862459485	0.5254636760929272	2.656092707101902	-7.137752940120809	
5	C9H10N7	[M - H]-	C9H10N7	-0.055338586776110255	-3.63419328132536	3.57885469454925	4	0.06997612185428351	13.939701099812034	13.939701099812034	0.5492150127081207	
6	C5H13N8P	[M - H]-	C5H13N8P	-5.244850655820731	-5.556997184323983	0.31214652850325253	4	0.06997612185428351	13.939701099812034	13.939701099812034	-0.8953999371465199	
7	CH16N9P2	[M - H]-	CH16N9P2	-9.60019663841561	-9.60019663841561	0.0	1	0.0	-2.530630937164941	2.530630937164941	-2.340014886869023	
