rank	molecularFormula	adduct	precursorFormula	SiriusScore	TreeScore	IsotopeScore	numExplainedPeaks	explainedIntensity	medianMassErrorFragmentPeaks(ppm)	medianAbsoluteMassErrorFragmentPeaks(ppm)	massErrorPrecursor(ppm)	lipidClass
1	C16H32O3	[M - H]-	C16H32O3	24.07043268388808	20.34690951855937	3.723523165328708	4	0.49235624529503735	1.1557839537532568	1.5528871822672548	0.9643840799009322	
2	C14H30N3O2	[M - H]-	C14H30N3O2	-0.40568759265664966	-2.6797895805935203	2.274101987936871	3	0.24619259945567198	1.7032865889838158	1.945412366105666	5.914770310148956	
3	C19H30N	[M - H]-	C19H30N	-3.180688775291116	-4.600497319428861	1.4198085441377448	1	0.0	-8.97218162458051	8.97218162458051	-8.916877130162117	
