rank	molecularFormula	adduct	precursorFormula	SiriusScore	TreeScore	IsotopeScore	numExplainedPeaks	explainedIntensity	medianMassErrorFragmentPeaks(ppm)	medianAbsoluteMassErrorFragmentPeaks(ppm)	massErrorPrecursor(ppm)	lipidClass
1	C7H12O4	[M - H]-	C7H12O4	95.84352422921272	92.90112476956523	2.9423994596474943	16	0.8900794058220604	-0.043303703084345835	3.177792046029532	1.8079731683629212	
2	C5H10N3O3	[M - H]-	C5H10N3O3	33.906289370230226	32.77640918348464	1.1298801867455872	11	0.5757648549327888	-4.49108057801981	4.673981867060588	10.248992547908987	
3	C8H8N4	[M - H]-	C8H8N4	2.3279292507334883	0.8336622788135035	1.4942669719199848	4	0.2134852356313044	13.348763644902858	13.348763644902858	-6.59977712123076	
4	C4H11N5P	[M - H]-	C4H11N5P	-7.433995425825719	-8.67343643900533	1.239441013179611	4	0.2134852356313044	13.348763644902858	13.348763644902858	-8.553210831464494	
