rank	molecularFormula	adduct	precursorFormula	SiriusScore	TreeScore	IsotopeScore	numExplainedPeaks	explainedIntensity	medianMassErrorFragmentPeaks(ppm)	medianAbsoluteMassErrorFragmentPeaks(ppm)	massErrorPrecursor(ppm)	lipidClass
1	C9H16O4	[M - H]-	C9H16O4	60.05189605304102	56.796461920633774	3.255434132407243	15	0.9384443038488998	1.247796984050097	2.762479043916414	1.3226240545934451	
2	C7H14N3O3	[M - H]-	C7H14N3O3	15.887354285636594	14.525373622167802	1.3619806634687917	12	0.30337874311452667	-1.0386266535174538	4.586384861075516	8.498998040373618	
3	C10H12N4	[M - H]-	C10H12N4	2.539522910909483	0.45694673142276976	2.082576179486713	4	0.02942251992361405	13.112414492583223	13.112414492583223	-5.825465263076214	
4	C6H15N5P	[M - H]-	C6H15N5P	-7.440835044960718	-8.965119612847825	1.5242845678871075	4	0.02942251992361405	13.112414492583223	13.112414492583223	-7.486232787794452	
