rank	molecularFormula	adduct	precursorFormula	SiriusScore	TreeScore	IsotopeScore	numExplainedPeaks	explainedIntensity	medianMassErrorFragmentPeaks(ppm)	medianAbsoluteMassErrorFragmentPeaks(ppm)	massErrorPrecursor(ppm)	lipidClass
1	C9H12O4	[M - H2O - H]-	C9H10O3	60.18615536751321	57.03150614442941	3.1546492230838004	16	0.8756707611708753	2.8199280660749753	3.027367870070238	-109115.79018613111	
2	C5H15NO4P	[M - H2O - H]-	C5H13NO3P	35.00487036538758	33.548102930795906	1.456767434591677	16	0.9009180844841175	0.45662988262623044	0.5522656360724933	-109117.67273439991	
3	C7H10N3O3	[M - H2O - H]-	C7H8N3O2	23.806842143875844	22.475484743703028	1.3313574001728175	11	0.7711655349558759	3.280773935934252	3.3690105309276253	-109107.65547117422	
4	C2H12N6O2S	[M - H2O - H]-	C2H10N6OS	18.9019017421476	18.9019017421476	0.0	10	0.8380827038986799	-2.1708673064812247	2.1847132834598497	-109119.94489574923	
5	C3H13N4O3P	[M - H2O - H]-	C3H11N4O2P	10.487501950415997	10.487501950415997	0.0	10	0.7580682078278782	0.6822651978158446	0.9015332465325946	-109109.53801944302	
6	H10N9OS	[M - H2O - H]-	H8N9S	-3.8201999965287508	-3.8201999965287508	0.0	4	0.6409297830675719	-2.1708673064812247	2.3908337903892205	-109111.81018079232	
7	C4H14N3O3S	[M - H2O - H]-	C4H12N3O2S	-5.869163284142374	-6.12805144556721	0.25888816142483595	2	0.0	-10.17334254937882	10.17334254937882	-109128.07961070593	
