rank	molecularFormula	adduct	precursorFormula	SiriusScore	TreeScore	IsotopeScore	numExplainedPeaks	explainedIntensity	medianMassErrorFragmentPeaks(ppm)	medianAbsoluteMassErrorFragmentPeaks(ppm)	massErrorPrecursor(ppm)	lipidClass
1	C5H8O3	[M - H]-	C5H8O3	30.978711845229796	28.334304863538694	2.6444069816911013	4	0.9162064654967801	-1.7542001370121931	4.046649920452433	3.2365669893965285	
2	C3H6N3O2	[M - H]-	C3H6N3O2	9.20487057132137	8.957487879136902	0.24738269218446884	2	0.7911767963669163	14.49434327576459	14.49434327576459	14.907975756554496	
