rank	molecularFormula	adduct	precursorFormula	SiriusScore	TreeScore	IsotopeScore	numExplainedPeaks	explainedIntensity	medianMassErrorFragmentPeaks(ppm)	medianAbsoluteMassErrorFragmentPeaks(ppm)	massErrorPrecursor(ppm)	lipidClass
1	C7H12O3	[M - H2O - H]-	C7H10O2	48.990109537573176	46.19936176984314	2.7907477677300374	14	0.9852886933558566	0.8477203589327529	2.9337010883534025	-144011.01758282984	
2	C5H10N3O2	[M - H2O - H]-	C5H8N3O	-1.982790237086336	-2.3804606420050045	0.39767040491866856	7	0.2907086765704266	12.95923265092529	12.95923265092529	-144000.28136556418	
