rank	molecularFormula	adduct	precursorFormula	SiriusScore	TreeScore	IsotopeScore	numExplainedPeaks	explainedIntensity	medianMassErrorFragmentPeaks(ppm)	medianAbsoluteMassErrorFragmentPeaks(ppm)	massErrorPrecursor(ppm)	lipidClass
1	C4H6O4	[M - H]-	C4H6O4	28.98047998160541	24.383430234431962	4.597049747173446	3	0.9463924127308287	1.176299396917457	2.9377973200500045	2.9719795040955574	
2	C2H4N3O3	[M - H]-	C2H4N3O3	10.41828888047053	8.795578498232365	1.622710382238166	2	0.8653363562416714	14.029914435051806	14.029914435051806	14.445981142178324	
3	C5H2N4	[M - H]-	C5H2N4	3.8434236656226073	0.5208763424563552	3.322547323166252	1	0.0	-8.490981546133018	8.490981546133018	-8.456798971425693	
4	CH5N5P	[M - H]-	CH5N5P	-9.902145132012002	-9.902145132012002	0.0	1	0.0	-11.146312774440757	11.146312774440757	-11.112130108968147	
