rank	molecularFormula	adduct	precursorFormula	SiriusScore	TreeScore	IsotopeScore	numExplainedPeaks	explainedIntensity	medianMassErrorFragmentPeaks(ppm)	medianAbsoluteMassErrorFragmentPeaks(ppm)	massErrorPrecursor(ppm)	lipidClass
1	C8H12O5	[M - H]-	C8H12O5	88.2703716721955	82.94954652923873	5.320825142956765	26	0.9150246988954872	-0.8813795809283154	3.1150287744534215	1.2454095457171797	
2	C6H10N3O4	[M - H]-	C6H10N3O4	23.898719542118798	21.088047468686355	2.8106720734324426	21	0.38112615862796245	-2.079889341156333	3.7245936490783844	8.423179971228848	
3	C9H8N4O	[M - H]-	C9H8N4O	6.825873816522069	2.931287918146953	3.8945858983751163	11	0.24649636454459672	-3.2993416389311068	5.945460991136986	-5.904070707965236	
4	C7H6N7	[M - H]-	C7H6N7	-0.7219420483719352	-3.7034880069304537	2.9815459585585184	4	0.03257340289726369	12.931295826985227	12.931295826985227	1.2736997173944935	
5	C5H11N5OP	[M - H]-	C5H11N5OP	-5.385840839757114	-8.092397164235548	2.706556324478434	9	0.22960259754676138	-1.9798165317391458	10.631554876558916	-7.56516139876575	
6	C3H9N8P	[M - H]-	C3H9N8P	-6.425844756086315	-6.425844756086315	0.0	4	0.03257340289726369	12.931295826985227	12.931295826985227	-0.3873909735579586	
