rank	molecularFormula	adduct	precursorFormula	SiriusScore	TreeScore	IsotopeScore	numExplainedPeaks	explainedIntensity	medianMassErrorFragmentPeaks(ppm)	medianAbsoluteMassErrorFragmentPeaks(ppm)	massErrorPrecursor(ppm)	lipidClass
1	C5H8O4	[M - H2O - H]-	C5H6O3	24.27953192853494	21.709235421044685	2.5702965074902564	6	0.8899255107308799	-2.1311658269844562	3.7903178434010756	-159346.76203841096	
2	C3H6N3O3	[M - H2O - H]-	C3H4N3O2	6.759055900752408	6.645978608589209	0.1130772921631995	4	0.762283354229663	13.925329663589908	13.925329663589908	-159334.88249051681	
