rank	molecularFormula	adduct	precursorFormula	SiriusScore	TreeScore	IsotopeScore	numExplainedPeaks	explainedIntensity	medianMassErrorFragmentPeaks(ppm)	medianAbsoluteMassErrorFragmentPeaks(ppm)	massErrorPrecursor(ppm)	lipidClass
1	C7H10O3	[M - H]-	C7H10O3	50.09920403638914	47.326385814875124	2.7728182215140134	7	0.9392930554995769	-3.003169945552841	3.003169945552841	3.064539125471675	
2	C5H8N3O2	[M - H]-	C5H8N3O2	6.353397433541094	5.811572084504036	0.5418253490370581	4	0.0686227882793922	13.070096396291802	13.070096396291802	12.583330046530412	
