rank	molecularFormula	adduct	precursorFormula	SiriusScore	TreeScore	IsotopeScore	numExplainedPeaks	explainedIntensity	medianMassErrorFragmentPeaks(ppm)	medianAbsoluteMassErrorFragmentPeaks(ppm)	massErrorPrecursor(ppm)	lipidClass
1	C6H10O5	[M - H]-	C6H10O5	96.79271901717945	91.85429653231601	4.938422484863441	12	0.9263925052330625	1.6783982198302454	3.306446187433772	1.9437450336182052	
2	C7H6N4O	[M - H]-	C7H6N4O	21.69812339073193	17.864649423640394	3.8334739670915368	5	0.5213364306257551	-5.326117882393217	6.898127118318462	-6.3606721057643	
3	C4H8N3O4	[M - H]-	C4H8N3O4	10.814709284017015	8.350906735329652	2.463802548687363	6	0.0993813924201426	-2.323496949138588	9.250622482802035	10.28102237814554	
4	C5H4N7	[M - H]-	C5H4N7	-1.334463490429742	-3.740370162943382	2.4059066725136398	1	0.0	1.976605238586553	1.976605238586553	1.976605238586553	
5	C3H9N5OP	[M - H]-	C3H9N5OP	-5.061041932429767	-7.100601062302268	2.0395591298725018	3	0.09340378822688518	13.88123474333054	13.88123474333054	-8.290097674237977	
6	CH7N8P	[M - H]-	CH7N8P	-6.844280579423504	-6.844280579423504	0.0	1	0.0	0.04717966993639476	0.04717966993639476	0.04717966993639476	
