rank	molecularFormula	adduct	precursorFormula	SiriusScore	TreeScore	IsotopeScore	numExplainedPeaks	explainedIntensity	medianMassErrorFragmentPeaks(ppm)	medianAbsoluteMassErrorFragmentPeaks(ppm)	massErrorPrecursor(ppm)	lipidClass
1	C6H10O3	[M - H2O - H]-	C6H8O2	17.584093726168206	17.584093726168206	0.0	3	1.0	1.0657919164671605	2.2027424973036167	-162187.5220892247	
2	C4H8N3O2	[M - H2O - H]-	C4H6N3O	-4.537186148747254	-4.537186148747254	0.0	2	0.0	15.359828581901986	15.359828581901986	-162175.43079549237	
