rank	molecularFormula	adduct	precursorFormula	SiriusScore	TreeScore	IsotopeScore	numExplainedPeaks	explainedIntensity	medianMassErrorFragmentPeaks(ppm)	medianAbsoluteMassErrorFragmentPeaks(ppm)	massErrorPrecursor(ppm)	lipidClass
1	C9H14O2	[M - H2O - H]-	C9H12O	25.158142727414297	22.136698914130584	3.021443813283713	5	0.6911624723259072	3.8099595720646944	3.8099595720646944	-133327.0203977514	
2	C7H12N3O	[M - H2O - H]-	C7H10N3	-3.2744712086190444	-4.613299665919116	1.3388284573000715	2	0.0	13.415051474133492	13.415051474133492	-133317.08062930548	
