rank	molecularFormula	adduct	precursorFormula	SiriusScore	TreeScore	IsotopeScore	numExplainedPeaks	explainedIntensity	medianMassErrorFragmentPeaks(ppm)	medianAbsoluteMassErrorFragmentPeaks(ppm)	massErrorPrecursor(ppm)	lipidClass
1	C6H10O4	[M - H2O - H]-	C6H8O3	43.68688008128367	40.98380900605654	2.7030710752271316	10	0.9432906223598986	-1.8955298725911054	2.6474734018893558	-141767.3958615813	
2	C4H8N3O3	[M - H2O - H]-	C4H6N3O2	-2.821298048608341	-3.0640602269992945	0.2427621783909535	6	0.14165023936919177	-1.3992799180243678	10.438258568831962	-141756.82691204041	
