rank	molecularFormula	adduct	precursorFormula	SiriusScore	TreeScore	IsotopeScore	numExplainedPeaks	explainedIntensity	medianMassErrorFragmentPeaks(ppm)	medianAbsoluteMassErrorFragmentPeaks(ppm)	massErrorPrecursor(ppm)	lipidClass
1	C6H10O4	[M - H]-	C6H10O4	95.69869455678753	90.83085759057934	4.867836966208189	20	0.9320348654355932	-1.4628121895685358	2.5914930193096266	2.3278168393928476	
2	C4H8N3O3	[M - H]-	C4H8N3O3	5.46083282323341	2.9582651495760315	2.5025676736573788	11	0.09949229455901513	-1.4394866482358246	4.959276436037334	11.584452627543184	
3	C7H6N4	[M - H]-	C7H6N4	4.216154954036929	0.5620831553141943	3.6540717987227347	6	0.0628341645325066	3.594604237636572	12.800081278181747	-6.89233522151494	
4	C3H9N5P	[M - H]-	C3H9N5P	-8.275550516033	-9.727871378969816	1.4523208629368147	4	0.05011007772835512	13.735680137753864	13.735680137753864	-9.034520137680987	
