rank	molecularFormula	adduct	precursorFormula	SiriusScore	TreeScore	IsotopeScore	numExplainedPeaks	explainedIntensity	medianMassErrorFragmentPeaks(ppm)	medianAbsoluteMassErrorFragmentPeaks(ppm)	massErrorPrecursor(ppm)	lipidClass
1	C10H20O5	[M - H]-	C10H20O5	49.16739706225133	45.77451379818588	3.39288326406545	9	0.8221380895925172	1.3572110569561926	1.9743418805660373	0.6969210374665791	
2	C8H18N3O4	[M - H]-	C8H18N3O4	28.600148177903723	26.726851355016965	1.8732968228867573	8	0.6289947533552981	2.4106737916843413	3.0622687033312146	6.824430148213811	
3	C11H16N4O	[M - H]-	C11H16N4O	4.310880930226001	2.344542245493461	1.9663386847325404	2	0.05426772953251807	-1.2637430471849604	4.110748749987605	-5.406437358594625	
4	C9H14N7	[M - H]-	C9H14N7	-0.10602847091977519	-2.3999082378676624	2.293879766947887	2	0.19314333623721908	1.0682732174388794	1.0682732174388794	0.7210717520229013	
5	C11H24S2	[M - H]-	C11H24S2	-0.11497985569570124	-0.11497985569570124	0.0	2	0.19314333623721908	-3.1008531631494405	3.1008531631494405	-3.268998708006178	
6	C5H17N8P	[M - H]-	C5H17N8P	-5.0599675629186995	-6.1026675715808585	1.042700008662159	1	0.0	-0.665020436310615	0.665020436310615	-0.6969658472867759	
7	C7H19N5OP	[M - H]-	C7H19N5OP	-6.97960129486945	-8.909550672297168	1.9299493774277185	1	0.0	-6.7925293510527744	6.7925293510527744	-6.824474957774596	
