rank	molecularFormula	adduct	precursorFormula	SiriusScore	TreeScore	IsotopeScore	numExplainedPeaks	explainedIntensity	medianMassErrorFragmentPeaks(ppm)	medianAbsoluteMassErrorFragmentPeaks(ppm)	massErrorPrecursor(ppm)	lipidClass
1	C5H6O4	[M - H]-	C5H6O4	58.31477634955629	57.027681475270974	1.2870948742853174	9	0.9450131676683098	-1.8308253806631793	3.439628437543006	3.3156168521673064	
2	C3H4N3O3	[M - H]-	C3H4N3O3	3.1404801675295513	3.0252453102429215	0.11523485728662974	4	0.06932270916334661	13.667650240310973	13.667650240310973	13.722425855748781	
3	C6H2N4	[M - H]-	C6H2N4	0.5769031189237539	0.5769031189237539	0.0	1	0.0	-6.926162307452348	6.926162307452348	-7.050175178310613	
4	C2H5N5P	[M - H]-	C2H5N5P	-9.16360235089873	-9.16360235089873	0.0	2	0.03886150313998244	2.0771712737401877	11.411693056326438	-9.45853495211002	
