rank	molecularFormula	adduct	precursorFormula	SiriusScore	TreeScore	IsotopeScore	numExplainedPeaks	explainedIntensity	medianMassErrorFragmentPeaks(ppm)	medianAbsoluteMassErrorFragmentPeaks(ppm)	massErrorPrecursor(ppm)	lipidClass
1	C8H14O3	[M - H2O - H]-	C8H12O2	42.60900199771082	39.58154611957128	3.027455878139543	10	0.9719668886229027	2.8101593283976434	2.8101593283976434	-129497.9563882086	
2	C6H12N3O2	[M - H2O - H]-	C6H10N3O	1.437702704109725	0.31792974402435537	1.1197729600853696	5	0.4259235587370573	0.9874254790635026	0.9874254790635026	-129488.30212871122	
