rank	molecularFormula	adduct	precursorFormula	SiriusScore	TreeScore	IsotopeScore	numExplainedPeaks	explainedIntensity	medianMassErrorFragmentPeaks(ppm)	medianAbsoluteMassErrorFragmentPeaks(ppm)	massErrorPrecursor(ppm)	lipidClass
1	C7H12O3	[M - H]-	C7H12O3	63.84366140187817	60.9290724010162	2.914589000861975	11	0.9841943468540401	-3.163596257659778	3.2855277619674106	2.811233065394967	
2	C5H10N3O2	[M - H]-	C5H10N3O2	18.402501594603983	17.558281592513364	0.8442200020906205	8	0.8648874161609709	5.247318145386564	10.652985476441025	12.195921603039391	
