rank	molecularFormula	adduct	precursorFormula	SiriusScore	TreeScore	IsotopeScore	numExplainedPeaks	explainedIntensity	medianMassErrorFragmentPeaks(ppm)	medianAbsoluteMassErrorFragmentPeaks(ppm)	massErrorPrecursor(ppm)	lipidClass
1	C9H14O4	[M - H]-	C9H14O4	76.55974716504966	71.45771801094742	5.102029154102234	22	0.9215216892586052	1.383412568506571	3.2393463013691854	1.6075238046429479	
2	C7H12N3O3	[M - H]-	C7H12N3O3	13.690465675018764	10.518584853111335	3.171880821907428	17	0.3750461314421935	-2.416011222369796	3.5646544778155898	8.862050616903211	
3	C10H10N4	[M - H]-	C10H10N4	4.211262817547207	0.4815865735544804	3.729676243992727	7	0.1306342699262894	2.7232193707084056	5.737277077665246	-5.618410311139932	
4	C6H13N5P	[M - H]-	C6H13N5P	-5.717969808353715	-8.918548666001433	3.2005788576477188	6	0.1261059078169105	5.571492871449621	10.487564007364279	-7.297264083375407	
