rank	molecularFormula	adduct	precursorFormula	SiriusScore	TreeScore	IsotopeScore	numExplainedPeaks	explainedIntensity	medianMassErrorFragmentPeaks(ppm)	medianAbsoluteMassErrorFragmentPeaks(ppm)	massErrorPrecursor(ppm)	lipidClass
1	C8H14O2	[M - H]-	C8H14O2	13.32640767189665	10.44566675890185	2.8807409129948	3	0.9271594395420185	0.9427823273891291	3.0672358921456726	3.166461237862173	
2	C6H12N3O	[M - H]-	C6H12N3O	-3.7781237868885174	-4.493768193475823	0.7156444065873058	2	0.4644020621817377	6.763177181847135	6.763177181847135	12.682796437757002	
