rank	molecularFormula	adduct	precursorFormula	SiriusScore	TreeScore	IsotopeScore	numExplainedPeaks	explainedIntensity	medianMassErrorFragmentPeaks(ppm)	medianAbsoluteMassErrorFragmentPeaks(ppm)	massErrorPrecursor(ppm)	lipidClass
1	C5H8O3	[M - H2O - H]-	C5H6O2	11.889939853100824	9.155034361713248	2.7349054913875745	3	0.02566162001526043	-2.593783069738093	3.3360319204391082	-185618.40428171915	
2	C3H6N3O2	[M - H2O - H]-	C3H4N3O	1.366151635911212	0.6055945905845364	0.7605570453266757	3	0.02566162001526043	14.049935968465029	14.049935968465029	-185604.5663998937	
