rank	molecularFormula	adduct	precursorFormula	SiriusScore	TreeScore	IsotopeScore	numExplainedPeaks	explainedIntensity	medianMassErrorFragmentPeaks(ppm)	medianAbsoluteMassErrorFragmentPeaks(ppm)	massErrorPrecursor(ppm)	lipidClass
1	C8H12O4	[M - H]-	C8H12O4	109.25819700416625	106.2746481209749	2.9835488831913466	22	0.9579097929238953	1.3749546043140402	3.3915326877596006	2.1488004268540584	
2	C6H10N3O3	[M - H]-	C6H10N3O3	39.24149183012047	38.481193636257515	0.7602981938629494	18	0.6258889326379905	-0.14353430656698843	3.387160895767644	9.997694410619573	
3	C9H8N4	[M - H]-	C9H8N4	2.924896761622112	0.5315527726602967	2.3933439889618153	3	0.04436158900308297	13.96568127633076	13.96568127633076	-5.669158245874809	
4	C5H11N5P	[M - H]-	C5H11N5P	-7.900256002387065	-8.863542820195532	0.9632868178084668	3	0.04436158900308297	13.96568127633076	13.96568127633076	-7.485561384705514	
