rank	molecularFormula	adduct	precursorFormula	SiriusScore	TreeScore	IsotopeScore	numExplainedPeaks	explainedIntensity	medianMassErrorFragmentPeaks(ppm)	medianAbsoluteMassErrorFragmentPeaks(ppm)	massErrorPrecursor(ppm)	lipidClass
1	C7H12O3	[M - H2O - H]-	C7H10O2	80.35880140657895	77.3884307358526	2.970370670726351	12	0.9552234576716877	0.6701059467895434	1.7269565972626026	-144011.47496355927	
2	C5H10N3O2	[M - H2O - H]-	C5H8N3O	15.00423768790429	14.086590895914933	0.9176467919893576	5	0.691755358337017	5.731601860751727	7.683259274326126	-144000.7387420012	
