rank	molecularFormula	adduct	precursorFormula	SiriusScore	TreeScore	IsotopeScore	numExplainedPeaks	explainedIntensity	medianMassErrorFragmentPeaks(ppm)	medianAbsoluteMassErrorFragmentPeaks(ppm)	massErrorPrecursor(ppm)	lipidClass
1	C9H12O	[M - H]-	C9H12O	6.38555257088012	3.3211428881958307	3.064409682684289	1	0.0	3.0607204324428845	3.0607204324428845	3.1939724491141694	
2	C4H14N3S	[M - H]-	C4H14N3S	-1.4784165901151183	-1.4784165901151183	0.0	1	0.0	-11.955674947968882	11.955674947968882	-11.822420930326505	
3	C5H15NOP	[M - H]-	C5H15NOP	-2.9381098680276647	-3.6469949485863724	0.7088850805587077	1	0.0	0.7604427463399177	0.7604427463399177	0.8936950695287811	
4	C7H10N3	[M - H]-	C7H10N3	-3.515743563417483	-4.572996667343198	1.0572531039257156	1	0.0	13.000493882029406	13.000493882029406	13.13374457420178	
5	C3H13N4P	[M - H]-	C3H13N4P	-4.453622891840906	-4.453622891840906	0.0	1	0.0	10.700216195716036	10.700216195716036	10.833467194405989	
