rank	molecularFormula	adduct	precursorFormula	SiriusScore	TreeScore	IsotopeScore	numExplainedPeaks	explainedIntensity	medianMassErrorFragmentPeaks(ppm)	medianAbsoluteMassErrorFragmentPeaks(ppm)	massErrorPrecursor(ppm)	lipidClass
1	C8H14O	[M - H]-	C8H14O	47.15291078211888	42.42906588998854	4.723844892130337	8	0.45459199482668033	1.210628477596227	2.9454894100531233	3.0486930365243032	
2	C6H12N3	[M - H]-	C6H12N3	-0.5874748918586525	-2.389732449995332	1.8022575581366795	3	0.07704743556926726	7.121818606276331	7.121818606276331	13.781787212597594	
