rank	molecularFormula	adduct	precursorFormula	SiriusScore	TreeScore	IsotopeScore	numExplainedPeaks	explainedIntensity	medianMassErrorFragmentPeaks(ppm)	medianAbsoluteMassErrorFragmentPeaks(ppm)	massErrorPrecursor(ppm)	lipidClass
1	C9H14O4	[M - H]-	C9H14O4	73.08850501879881	67.93257414841827	5.155930870380551	10	0.9523016102356637	1.1248662899035335	3.3318283770294594	1.2293140004373313	
2	C7H12N3O3	[M - H]-	C7H12N3O3	39.224078091079996	36.6056162593985	2.6184618316814916	8	0.938295818551833	-0.2543942023308936	4.030563171459171	8.48384355643517	
3	C10H10N4	[M - H]-	C10H10N4	4.770605035753553	0.44099663545450163	4.329608400299051	1	0.0	-6.110086665026025	6.110086665026025	-5.9966228482690696	
4	C6H13N5P	[M - H]-	C6H13N5P	-6.677215489221213	-8.963164418786642	2.285948929565428	1	0.0	-7.788941262709564	7.788941262709564	-7.675477255464521	
