rank	molecularFormula	adduct	precursorFormula	SiriusScore	TreeScore	IsotopeScore	numExplainedPeaks	explainedIntensity	medianMassErrorFragmentPeaks(ppm)	medianAbsoluteMassErrorFragmentPeaks(ppm)	massErrorPrecursor(ppm)	lipidClass
1	C9H14O5	[M - H2O - H]-	C9H12O4	122.85201901943172	119.59953945854784	3.252479560883887	25	0.963549652055022	2.50225385093767	3.1157103066021685	-98381.26661334239	
2	C7H12N3O4	[M - H2O - H]-	C7H10N3O3	47.07222026775507	45.683199412253096	1.389020855501974	21	0.6413497162688175	2.644078525978691	3.586317892611069	-98373.93220874091	
3	C10H10N4O	[M - H2O - H]-	C10H8N4	2.448372761867534	0.4570222056924591	1.9913505561750748	2	0.0	-6.0295237685324325	6.0295237685324325	-98388.57211042049	
4	H12N9O2S	[M - H2O - H]-	H10N9OS	-7.329559310510737	-7.329559310510737	0.0	7	0.25804025267046415	1.437439995899605	3.741468128937419	-98377.67816929438	
5	C6H13N5OP	[M - H2O - H]-	C6H11N5P	-7.375761286873306	-8.945556491389526	1.56979520451622	2	0.0	-7.726863111622645	7.726863111622645	-98390.26944963362	
