rank	molecularFormula	adduct	precursorFormula	SiriusScore	TreeScore	IsotopeScore	numExplainedPeaks	explainedIntensity	medianMassErrorFragmentPeaks(ppm)	medianAbsoluteMassErrorFragmentPeaks(ppm)	massErrorPrecursor(ppm)	lipidClass
1	C5H8O3	[M - H]-	C5H8O3	36.64431664366526	31.952991049756353	4.6913255939089105	5	0.9471513090047221	-5.100978775316053	5.100978775316053	2.9757899032186135	
2	C3H6N3O2	[M - H]-	C3H6N3O2	17.15545322524461	15.170695743469908	1.984757481774702	4	0.9417144614716578	13.92026495457488	13.92026495457488	14.647201714022401	
