rank	molecularFormula	adduct	precursorFormula	SiriusScore	TreeScore	IsotopeScore	numExplainedPeaks	explainedIntensity	medianMassErrorFragmentPeaks(ppm)	medianAbsoluteMassErrorFragmentPeaks(ppm)	massErrorPrecursor(ppm)	lipidClass
1	C8H10O2	[M - H]-	C8H10O2	33.822773699075896	30.78236577504669	3.040407924029207	7	0.8483487339828593	0.9529276909975429	2.7425131849000715	2.6768492530725507	
2	C4H13NO2P	[M - H]-	C4H13NO2P	13.973818349886727	13.160953482565708	0.8128648673210199	5	0.6440384132212947	0.47545257535100466	0.9772556665265755	0.40978849465896244	
3	CH10N6S	[M - H]-	CH10N6S	2.0081542987395107	2.0081542987395107	0.0	3	0.34375087239328883	-2.09584241514296	2.260799970682114	-2.3264642310477495	
4	C6H8N3O	[M - H]-	C6H8N3O	0.7801677072037254	-0.2420067181750285	1.022174425378754	5	0.44494570224170177	0.9529276909975429	2.349124744129951	12.473088406787063	
5	C3H12N3OS	[M - H]-	C3H12N3OS	-0.8445122604117454	-0.8445122604117454	0.0	2	0.14663465564892103	-10.739388449782272	10.739388449782272	-12.122703384762263	
6	C2H11N4OP	[M - H]-	C2H11N4OP	-4.164936563678624	-4.164936563678624	0.0	3	0.24063538148013733	10.271691085804216	10.271691085804216	10.206027648373475	
