rank	molecularFormula	adduct	precursorFormula	SiriusScore	TreeScore	IsotopeScore	numExplainedPeaks	explainedIntensity	medianMassErrorFragmentPeaks(ppm)	medianAbsoluteMassErrorFragmentPeaks(ppm)	massErrorPrecursor(ppm)	lipidClass
1	C9H14O4	[M - H]-	C9H14O4	130.93096061891652	125.72019180932439	5.210768809592123	30	0.9395201875129262	0.673375262351828	2.5154501264503866	1.3373739736885015	
2	C7H12N3O3	[M - H]-	C7H12N3O3	62.259757211956206	58.994091582791185	3.2656656291650177	24	0.6422823264471357	-0.6663501287832397	2.5230258054575883	8.591902745761107	
3	C10H10N4	[M - H]-	C10H10N4	4.164236195934491	0.45934156022018424	3.7048946357143064	5	0.02260725693407174	13.315550934967069	13.315550934967069	-5.888562094182396	
4	C6H13N5P	[M - H]-	C6H13N5P	-5.748839448724372	-8.943007363612425	3.1941679148880535	5	0.02260725693407174	13.315550934967069	13.315550934967069	-7.567416319960663	
