rank	molecularFormula	adduct	precursorFormula	SiriusScore	TreeScore	IsotopeScore	numExplainedPeaks	explainedIntensity	medianMassErrorFragmentPeaks(ppm)	medianAbsoluteMassErrorFragmentPeaks(ppm)	massErrorPrecursor(ppm)	lipidClass
1	C4H6O2	[M - H]-	C4H6O2	6.643312536514833	6.643312536514833	0.0	2	1.0	-4.342636100097041	4.342636100097041	-1.3287159823198698	
2	C2H4N3O	[M - H]-	C2H4N3O	-1.9062373690949794	-1.9062373690949794	0.0	2	1.0	13.57004704240433	13.57004704240433	14.462106461636518	
