rank	molecularFormula	adduct	precursorFormula	SiriusScore	TreeScore	IsotopeScore	numExplainedPeaks	explainedIntensity	medianMassErrorFragmentPeaks(ppm)	medianAbsoluteMassErrorFragmentPeaks(ppm)	massErrorPrecursor(ppm)	lipidClass
1	C9H14O5	[M - H]-	C9H14O5	200.77642820282847	197.57329538074478	3.2031328220836883	42	0.9492951384314241	1.3971800092401248	2.933302013912898	1.556139397180575	
2	C7H12N3O4	[M - H]-	C7H12N3O4	117.48465700403499	116.161331535526	1.3233254685089837	35	0.7269596075566226	1.166567915051461	3.0961481677359117	8.233595951708802	
3	C10H10N4O	[M - H]-	C10H10N4O	22.404621454793094	20.17215920105949	2.232462253733606	13	0.21001948870801335	-3.0966246893907923	3.3742841787287614	-5.094998902219493	
4	C6H13N5OP	[M - H]-	C6H13N5OP	9.659649238196277	8.10609340823071	1.5535558299655676	10	0.1733896150338529	-4.091764386613513	4.091764386613513	-6.640306186153841	
5	H12N9O2S	[M - H]-	H12N9O2S	1.17429623239628	1.17429623239628	0.0	7	0.11897522589962035	4.718726829083007	4.718726829083007	4.823163856692508	
6	C10H18S2	[M - H]-	C10H18S2	-0.8654922090974997	-0.8654922090974997	0.0	2	0.0012593230112192678	-2.983393210515818	2.983393210515818	-2.7657239114666385	
7	C8H8N7	[M - H]-	C8H8N7	-1.3331817685756837	-3.4680623657084118	2.134880597132728	5	0.09985952388692787	13.81086262156862	13.81086262156862	1.582457652167386	
8	C4H11N8P	[M - H]-	C4H11N8P	-6.037840667498624	-6.126155127614618	0.08831446011599464	4	0.05614766931135907	13.842728161569077	13.842728161569077	0.03715036809169213	
9	H14N9P2	[M - H]-	H14N9P2	-9.853988501618044	-9.853988501618044	0.0	1	0.0	-1.6125946046796673	1.6125946046796673	-1.5081569158426547	
