rank	molecularFormula	adduct	precursorFormula	SiriusScore	TreeScore	IsotopeScore	numExplainedPeaks	explainedIntensity	medianMassErrorFragmentPeaks(ppm)	medianAbsoluteMassErrorFragmentPeaks(ppm)	massErrorPrecursor(ppm)	lipidClass
1	C5H8O3	[M - H]-	C5H8O3	32.324041826212074	29.68536163719685	2.6386801890152243	4	0.75992912244277	-1.8872949871193716	3.990564675676488	3.2365669893965285	
2	C3H6N3O2	[M - H]-	C3H6N3O2	0.08232768434218318	-0.4082566944309929	0.49058437877317607	2	0.07708829267419591	14.420017476048308	14.420017476048308	14.907975756554496	
