rank	molecularFormula	adduct	precursorFormula	SiriusScore	TreeScore	IsotopeScore	numExplainedPeaks	explainedIntensity	medianMassErrorFragmentPeaks(ppm)	medianAbsoluteMassErrorFragmentPeaks(ppm)	massErrorPrecursor(ppm)	lipidClass
1	C10H18O5	[M - H2O - H]-	C10H16O4	114.22911377186523	109.11446240633227	5.114651365532967	34	0.9395536438761926	1.8048989593835056	2.6651393834705113	-90459.19780830159	
1	C10H16O4	[M - H]-	C10H16O4	114.22911377186523	109.11446240633227	5.114651365532967	33	0.9395536438761926	1.8048989593835056	2.6651393834705113	1.6447188749777844	
2	C8H14N3O3	[M - H]-	C8H14N3O3	57.69862465688229	54.221970505852426	3.476654151029862	27	0.58511568548673	1.693108256412262	3.0402472553034388	8.388556617965246	
2	C8H16N3O4	[M - H2O - H]-	C8H14N3O3	57.69862465688229	54.221970505852426	3.476654151029862	28	0.58511568548673	1.693108256412262	3.0402472553034388	-90452.45397055859	
3	C11H12N4	[M - H]-	C11H12N4	3.936234931317811	0.5000760872867605	3.4361588440310507	6	0.32755102844673434	6.994274447330842	9.375336618277519	-5.0725389806279	
3	C11H14N4O	[M - H2O - H]-	C11H12N4	3.936234931317811	0.5000760872867605	3.4361588440310507	7	0.32755102844673434	6.994274447330842	9.375336618277519	-90465.91506615734	
4	C7H15N5P	[M - H]-	C7H15N5P	-5.1555725601008415	-8.898205301967561	3.74263274186672	6	0.32755102844673434	6.994274447330842	10.155671357157106	-6.633208301613006	
4	C7H17N5OP	[M - H2O - H]-	C7H15N5P	-5.1555725601008415	-8.898205301967561	3.74263274186672	7	0.32755102844673434	6.994274447330842	10.155671357157106	-90467.47573547818	
