rank	molecularFormula	adduct	precursorFormula	SiriusScore	TreeScore	IsotopeScore	numExplainedPeaks	explainedIntensity	medianMassErrorFragmentPeaks(ppm)	medianAbsoluteMassErrorFragmentPeaks(ppm)	massErrorPrecursor(ppm)	lipidClass
1	C9H14O4	[M - H2O - H]-	C9H12O3	91.51789067952586	88.30656072715371	3.211329952372155	13	0.9305223175533424	1.3965492191409616	3.1168077455331753	-107799.61962377856	
2	C7H12N3O3	[M - H2O - H]-	C7H10N3O2	42.37777799302221	41.06745756811444	1.3103204249077673	11	0.3802640602744194	2.009803140424039	3.568264172591289	-107791.5830488164	
3	H12N9OS	[M - H2O - H]-	H10N9S	-10.353089148755721	-10.353089148755721	0.0	2	0.0	5.591206637851289	5.591206637851289	-107795.68763459093	
