rank	molecularFormula	adduct	precursorFormula	SiriusScore	TreeScore	IsotopeScore	numExplainedPeaks	explainedIntensity	medianMassErrorFragmentPeaks(ppm)	medianAbsoluteMassErrorFragmentPeaks(ppm)	massErrorPrecursor(ppm)	lipidClass
1	C6H10O	[M - H]-	C6H10O	9.728987026026491	6.758067081712689	2.970919944313803	2	0.005177003387955472	-2.3044218011789805	2.886624864651015	0.6337144028301902	
2	C4H8N3	[M - H]-	C4H8N3	-0.913957142731606	-1.706768416418701	0.7928112736870949	2	0.005177003387955472	14.336697568600872	14.336697568600872	14.466412686913548	
