rank	molecularFormula	adduct	precursorFormula	SiriusScore	TreeScore	IsotopeScore	numExplainedPeaks	explainedIntensity	medianMassErrorFragmentPeaks(ppm)	medianAbsoluteMassErrorFragmentPeaks(ppm)	massErrorPrecursor(ppm)	lipidClass
1	C8H12O4	[M - H2O - H]-	C8H10O3	27.044035194476194	24.00827294503544	3.035762249440755	5	0.8867612187374168	3.548222786970711	3.548222786970711	-117670.5377218865	
2	C6H10N3O3	[M - H2O - H]-	C6H8N3O2	-3.305199411754398	-4.529672744625291	1.2244733328708928	2	0.0	11.074086055822088	11.074086055822088	-117661.7652254768	
