rank	molecularFormula	adduct	precursorFormula	SiriusScore	TreeScore	IsotopeScore	numExplainedPeaks	explainedIntensity	medianMassErrorFragmentPeaks(ppm)	medianAbsoluteMassErrorFragmentPeaks(ppm)	massErrorPrecursor(ppm)	lipidClass
1	C8H16O4	[M - H]-	C8H16O4	72.01014908943333	69.0388865906446	2.9712624987887324	16	0.8968279682274248	2.049692136897409	3.482915372233887	1.5274892897119148	
2	C6H14N3O3	[M - H]-	C6H14N3O3	19.96664583863531	19.29708931220744	0.669556526427868	10	0.43180915551839466	0.07800354556916911	3.9538365813870047	9.195681674757882	
3	C9H12N4	[M - H]-	C9H12N4	2.8822137892233486	0.47045990398995263	2.411753885233396	1	0.0	-6.173302398416464	6.173302398416464	-6.110479994218035	
4	C5H15N5P	[M - H]-	C5H15N5P	-8.627386298137845	-9.322281727331232	0.6948954291933873	1	0.0	-7.947887406340255	7.947887406340255	-7.8850648906588185	
