rank	molecularFormula	adduct	precursorFormula	SiriusScore	TreeScore	IsotopeScore	numExplainedPeaks	explainedIntensity	medianMassErrorFragmentPeaks(ppm)	medianAbsoluteMassErrorFragmentPeaks(ppm)	massErrorPrecursor(ppm)	lipidClass
1	C10H20O5	[M - H]-	C10H20O5	109.44303962322057	109.44303962322057	0.0	29	0.8856728711220133	1.966176459407491	2.695558464581605	0.46873978854841536	
2	C8H18N3O4	[M - H]-	C8H18N3O4	79.57266236566412	79.57266236566412	0.0	27	0.8596495480580675	1.966176459407491	2.744600733886285	6.596250297479304	
3	C11H16N4O	[M - H]-	C11H16N4O	11.386199150149324	11.386199150149324	0.0	10	0.20054393011322183	-5.1260940165407245	5.1260940165407245	-5.6346200001857	
4	C11H24S2	[M - H]-	C11H24S2	-0.9288855037010086	-0.9288855037010086	0.0	3	0.026023323063945725	-2.791492237841741	2.791492237841741	-3.4971808618734928	
5	C9H14N7	[M - H]-	C9H14N7	-3.6452747867924025	-3.6452747867924025	0.0	8	0.11848417051869699	0.909955721822264	2.3831062808335775	0.4928905086154817	
6	C7H19N5OP	[M - H]-	C7H19N5OP	-4.030842027502494	-4.030842027502494	0.0	8	0.17452060704927608	-4.593052917025342	4.636476393158604	-7.052657922935487	
7	C5H17N8P	[M - H]-	C5H17N8P	-6.124757204493907	-6.124757204493907	0.0	1	0.0	-0.9251474142640115	0.9251474142640115	-0.9251474142640115	
