rank	molecularFormula	adduct	precursorFormula	SiriusScore	TreeScore	IsotopeScore	numExplainedPeaks	explainedIntensity	medianMassErrorFragmentPeaks(ppm)	medianAbsoluteMassErrorFragmentPeaks(ppm)	massErrorPrecursor(ppm)	lipidClass
1	C10H16O4	[M - H2O - H]-	C10H14O3	92.31784206357199	89.1504465950271	3.1673954685448873	15	0.9456717790559853	1.3640877910483997	2.727123755920175	-99455.5643089609	
2	C8H14N3O3	[M - H2O - H]-	C8H12N3O2	47.30634705965024	46.0270942281362	1.2792528315140448	12	0.39609058799744706	0.6583471055201153	3.0853922975826724	-99448.14974683471	
3	CH14N9OS	[M - H2O - H]-	CH12N9S	-10.177916057130208	-10.177916057130208	0.0	2	0.0	5.898079708880188	5.898079708880188	-99451.93664689733	
