rank	molecularFormula	adduct	precursorFormula	SiriusScore	TreeScore	IsotopeScore	numExplainedPeaks	explainedIntensity	medianMassErrorFragmentPeaks(ppm)	medianAbsoluteMassErrorFragmentPeaks(ppm)	massErrorPrecursor(ppm)	lipidClass
1	C7H10O4	[M - H]-	C7H10O4	82.81435961405953	77.84873347443236	4.965626139627162	24	0.9354167199447612	-0.6498291111238034	3.2799411153128406	1.9589318632969936	
2	C5H8N3O3	[M - H]-	C5H8N3O3	21.99993959615729	19.10079250821595	2.8991470879413406	16	0.29125131064112725	-2.8549923393911643	3.6524473745517687	10.508285340633208	
3	C8H6N4	[M - H]-	C8H6N4	4.000058647815992	0.49326162351466607	3.506797024301326	4	0.061816228933841394	13.127030186768653	13.127030186768653	-6.556725540486605	
4	C4H9N5P	[M - H]-	C4H9N5P	-6.9009692483778835	-9.376865003265829	2.475895754887945	4	0.061816228933841394	13.127030186768653	13.127030186768653	-8.53523009454565	
