rank	molecularFormula	adduct	precursorFormula	SiriusScore	TreeScore	IsotopeScore	numExplainedPeaks	explainedIntensity	medianMassErrorFragmentPeaks(ppm)	medianAbsoluteMassErrorFragmentPeaks(ppm)	massErrorPrecursor(ppm)	lipidClass
1	C16H30O3	[M - H]-	C16H30O3	15.945313698612644	12.171085090779254	3.7742286078333893	5	0.8674317372378314	0.7303975583450517	0.8297218417038926	0.7489702391128574	
2	C14H28N3O2	[M - H]-	C14H28N3O2	0.17583062715929465	-2.158618707021435	2.3344493341807295	3	0.38815459701886285	5.7178495672277805	5.7178495672277805	5.736422155365164	
3	C19H28N	[M - H]-	C19H28N	-3.399396047904093	-4.637220604487716	1.237824556583623	1	0.0	-9.224849119438876	9.224849119438876	-9.206276253775316	
4	C2H22N16	[M - H]-	C2H22N16	-7.055704113737402	-7.055704113737402	0.0	1	0.0	-6.103923214152165	6.103923214152165	-6.085350406452609	
