rank	molecularFormula	adduct	precursorFormula	SiriusScore	TreeScore	IsotopeScore	numExplainedPeaks	explainedIntensity	medianMassErrorFragmentPeaks(ppm)	medianAbsoluteMassErrorFragmentPeaks(ppm)	massErrorPrecursor(ppm)	lipidClass
1	C5H8O3	[M - H]-	C5H8O3	39.77510400851318	35.11349132305399	4.661612685459186	4	0.8284344671138891	-1.9116757935035429	3.9046748036834322	3.0627156137234524	
2	C3H6N3O2	[M - H]-	C3H6N3O2	18.586741752825713	16.68009041577664	1.906651337049074	3	0.7112154784285705	14.064202213637975	14.064202213637975	14.734126409978456	
