rank	molecularFormula	adduct	precursorFormula	SiriusScore	TreeScore	IsotopeScore	numExplainedPeaks	explainedIntensity	medianMassErrorFragmentPeaks(ppm)	medianAbsoluteMassErrorFragmentPeaks(ppm)	massErrorPrecursor(ppm)	lipidClass
1	C9H14O4	[M - H2O - H]-	C9H12O3	99.5794603112665	96.37822088351209	3.2012394277544165	15	0.9091590876624921	2.53303557214476	2.6957457291145737	-107799.55331693249	
2	C7H12N3O3	[M - H2O - H]-	C7H10N3O2	51.34901561258605	50.07071891131838	1.278296701267672	13	0.4309001158674985	2.6957457291145737	2.851225955467573	-107791.51674245136	
3	H12N9OS	[M - H2O - H]-	H10N9S	-8.87704607169431	-8.87704607169431	0.0	3	0.011134390425852738	1.4296412891833836	4.35309883693151	-107795.62132798022	
