rank	molecularFormula	adduct	precursorFormula	SiriusScore	TreeScore	IsotopeScore	numExplainedPeaks	explainedIntensity	medianMassErrorFragmentPeaks(ppm)	medianAbsoluteMassErrorFragmentPeaks(ppm)	massErrorPrecursor(ppm)	lipidClass
1	C7H10O4	[M - H]-	C7H10O4	107.71478956494508	104.74158001389112	2.973209551053952	24	0.954527470788384	-0.29925012145883967	2.257623202490792	1.6405643453487935	
2	C5H8N3O3	[M - H]-	C5H8N3O3	28.34648000277336	27.177336073103742	1.1691439296696184	17	0.480369530240287	-1.5756898003527797	2.5835936801852553	10.189920544526785	
3	C8H6N4	[M - H]-	C8H6N4	1.9313200813921005	0.4623590245085982	1.4689610568835023	4	0.24725358056603278	13.562002865598254	13.562002865598254	-6.875095769548827	
4	C4H9N5P	[M - H]-	C4H9N5P	-8.206229168234849	-9.410851175673365	1.2046220074385168	4	0.24725358056603278	13.562002865598254	13.562002865598254	-8.85360095350069	
