rank	molecularFormula	adduct	precursorFormula	SiriusScore	TreeScore	IsotopeScore	numExplainedPeaks	explainedIntensity	medianMassErrorFragmentPeaks(ppm)	medianAbsoluteMassErrorFragmentPeaks(ppm)	massErrorPrecursor(ppm)	lipidClass
1	C9H14O3	[M - H]-	C9H14O3	92.9386598110736	87.69224896779149	5.246410843282119	16	0.9137161611749287	1.2139488919632773	3.049408277692147	2.2600388353322702	
2	C7H12N3O2	[M - H]-	C7H12N3O2	19.77875359008019	17.12639164104303	2.6523619490371626	10	0.1793088792604748	1.2139488919632773	3.1978920692842707	10.200807928591136	
