rank	molecularFormula	adduct	precursorFormula	SiriusScore	TreeScore	IsotopeScore	numExplainedPeaks	explainedIntensity	medianMassErrorFragmentPeaks(ppm)	medianAbsoluteMassErrorFragmentPeaks(ppm)	massErrorPrecursor(ppm)	lipidClass
1	C6H8O3	[M - H]-	C6H8O3	60.56587977741873	57.80614070575168	2.7597390716670476	10	0.977082104585877	-1.703278288743769	2.6833805654064466	3.24570633362176	
2	C4H6N3O2	[M - H]-	C4H6N3O2	12.94676389302912	12.183815327322652	0.7629485657064672	5	0.5322104177358364	-1.5404078189746846	9.930211645659282	13.814652546509961	
