rank	molecularFormula	adduct	precursorFormula	SiriusScore	TreeScore	IsotopeScore	numExplainedPeaks	explainedIntensity	medianMassErrorFragmentPeaks(ppm)	medianAbsoluteMassErrorFragmentPeaks(ppm)	massErrorPrecursor(ppm)	lipidClass
1	C8H14O2	[M - H]-	C8H14O2	27.756804308689492	24.808660371164457	2.948143937525035	6	1.0	0.6806205508664491	2.8420904998096015	3.4499621173502244	
2	C6H12N3O	[M - H]-	C6H12N3O	-1.4775242081102444	-2.5325716859359164	1.055047477825672	4	0.2613933640916225	6.776382985912568	7.744077668114109	12.966294619347112	
