rank	molecularFormula	adduct	precursorFormula	SiriusScore	TreeScore	IsotopeScore	numExplainedPeaks	explainedIntensity	medianMassErrorFragmentPeaks(ppm)	medianAbsoluteMassErrorFragmentPeaks(ppm)	massErrorPrecursor(ppm)	lipidClass
1	C5H8O5	[M - H]-	C5H8O5	90.61126789108917	87.98425180419817	2.6270160868910013	12	0.9508813055619607	0.18455337224328489	2.88896297157038	2.6055591444079775	
2	C6H4N4O	[M - H]-	C6H4N4O	11.034038222628622	9.768428475582672	1.2656097470459504	3	0.1252337765480491	-6.933913110952335	6.933913110952335	-6.490471958917102	
3	C3H6N3O4	[M - H]-	C3H6N3O4	6.558991092029567	5.9991996622650205	0.5597914297645459	5	0.07105526093305665	11.655967943747893	11.655967943747893	11.737582833731842	
4	C6H12S2	[M - H]-	C6H12S2	-0.8283565057909552	-0.8283565057909552	0.0	1	0.0	-3.3865945850703634	3.3865945850703634	-3.3049784673750175	
5	C4H2N7	[M - H]-	C4H2N7	-3.761141376613957	-4.676906129390988	0.9157647527770314	1	0.0	2.559936097849217	2.559936097849217	2.6415517302134583	
6	H5N8P	[M - H]-	H5N8P	-7.297722788538223	-7.297722788538223	0.0	1	0.0	0.44658893329918	0.44658893329918	0.528204738146028	
7	C2H7N5OP	[M - H]-	C2H7N5OP	-8.64157217749398	-8.994393251790843	0.3528210742968634	2	0.014590218533036152	2.340348346817856	11.025783848160398	-8.603818951177837	
