rank	molecularFormula	adduct	precursorFormula	SiriusScore	TreeScore	IsotopeScore	numExplainedPeaks	explainedIntensity	medianMassErrorFragmentPeaks(ppm)	medianAbsoluteMassErrorFragmentPeaks(ppm)	massErrorPrecursor(ppm)	lipidClass
1	C8H10O4	[M - H2O - H]-	C8H8O3	27.210240793380546	24.185149868732072	3.025090924648475	4	0.9016895926770397	2.524728263720607	2.524728263720607	-119240.7143616318	
2	C4H13NO4P	[M - H2O - H]-	C4H11NO3P	13.859316924385865	13.250187937698588	0.6091289866872783	4	0.9016895926770397	-0.03876588818722229	0.11244125403166368	-119242.77159848086	
3	CH10N6O2S	[M - H2O - H]-	CH8N6OS	2.134005980015345	2.134005980015345	0.0	3	0.06649795795645311	-2.4426071426504183	2.4426071426504183	-119245.25460204144	
4	C2H11N4O3P	[M - H2O - H]-	C2H9N4O2P	-2.0297280511268365	-2.0297280511268365	0.0	2	0.0	9.35705699970488	9.35705699970488	-119233.88203339341	
5	C6H8N3O3	[M - H2O - H]-	C6H6N3O2	-3.6134148692790182	-4.550163961950767	0.9367490926717494	2	0.0	11.414293998390129	11.414293998390129	-119231.82479654436	
6	C3H12N3O3S	[M - H2O - H]-	C3H10N3O2S	-6.105735479549182	-6.105735479549182	0.0	2	0.0	-10.905078211617836	10.905078211617836	-119254.14416712889	
