rank	molecularFormula	adduct	precursorFormula	SiriusScore	TreeScore	IsotopeScore	numExplainedPeaks	explainedIntensity	medianMassErrorFragmentPeaks(ppm)	medianAbsoluteMassErrorFragmentPeaks(ppm)	massErrorPrecursor(ppm)	lipidClass
1	C7H10O6	[M - H]-	C7H10O6	152.58267024023954	147.42568340118	5.156986839059523	34	0.9277508323551776	1.5502043058847388	2.9042009035703673	1.6314580741562008	
2	C5H8N3O5	[M - H]-	C5H8N3O5	73.58078230012453	70.65510805760405	2.925674242520468	23	0.6677740128009214	-1.086511334960911	3.13225617129595	8.734074086456083	
3	C8H6N4O2	[M - H]-	C8H6N4O2	38.62575465164108	34.79778721663902	3.8279674350020594	21	0.397916712806089	-5.443163977005542	5.553187864818107	-5.443163977005542	
4	C4H9N5O2P	[M - H]-	C4H9N5O2P	11.847375424686891	9.053656992645172	2.79371843204172	11	0.19145276430506647	-4.9602318779464785	4.9602318779464785	-7.08686231789388	
5	C6H4N7O	[M - H]-	C6H4N7O	4.1121369255213125	0.8942588641935081	3.2178780613278044	10	0.1569198059929573	7.711726861565145	10.629802631178416	1.6594520352943396	
6	C4H2N10	[M - H]-	C4H2N10	-2.86985157912241	-2.86985157912241	0.0	1	0.0	8.762068047744568	8.762068047744568	8.762068047744568	
7	C2H7N8OP	[M - H]-	C2H7N8OP	-3.2629464216153092	-3.2629464216153092	0.0	8	0.2407887257398918	13.544901158800442	13.544901158800442	0.015753694556349472	
8	H5N11P	[M - H]-	H5N11P	-14.146305311003658	-14.146305311003658	0.0	1	0.0	7.118369707006579	7.118369707006579	7.118369707006579	
