rank	molecularFormula	adduct	precursorFormula	SiriusScore	TreeScore	IsotopeScore	numExplainedPeaks	explainedIntensity	medianMassErrorFragmentPeaks(ppm)	medianAbsoluteMassErrorFragmentPeaks(ppm)	massErrorPrecursor(ppm)	lipidClass
1	C4H8O4	[M - H]-	C4H8O4	61.76030598098159	59.232181813697885	2.5281241672837087	10	0.9424119487701934	-4.442199213289499	4.442199213289499	2.7530998200314514	
2	C2H6N3O3	[M - H]-	C2H6N3O3	10.386494510954439	10.277487181467247	0.10900732948719227	6	0.2802084849366903	13.23747659324516	13.23747659324516	14.032811697067855	
3	C5H4N4	[M - H]-	C5H4N4	1.5778464578438929	0.5071220373165577	1.0707244205273352	1	0.0	-8.54936218376637	8.54936218376637	-8.482154660310428	
4	CH7N5P	[M - H]-	CH7N5P	-10.304746550613988	-10.304746550613988	0.0	1	0.0	-11.159730660919926	11.159730660919926	-11.092522962029085	
