rank	molecularFormula	adduct	precursorFormula	SiriusScore	TreeScore	IsotopeScore	numExplainedPeaks	explainedIntensity	medianMassErrorFragmentPeaks(ppm)	medianAbsoluteMassErrorFragmentPeaks(ppm)	massErrorPrecursor(ppm)	lipidClass
1	C8H12O4	[M - H]-	C8H12O4	122.5937195818297	119.5587269703358	3.0349926114939065	26	0.945021484875217	1.2172023132384322	3.1079651005904947	1.914973883727498	
2	C6H10N3O3	[M - H]-	C6H10N3O3	44.4446663765256	43.18847351951389	1.256192857011714	19	0.5211775419026209	-0.4230676655939922	3.3148000886291746	9.763869702776704	
3	C9H8N4	[M - H]-	C9H8N4	2.112595132626741	0.511060690965047	1.601534441661694	2	0.18844369824421617	4.044246692128157	9.953079019843566	-5.902986617051548	
4	C5H11N5P	[M - H]-	C5H11N5P	-7.348896880684678	-8.886113242355988	1.5372163616713097	2	0.18844369824421617	3.136044905041661	10.861280806930061	-7.719390180606434	
