rank	molecularFormula	adduct	precursorFormula	SiriusScore	TreeScore	IsotopeScore	numExplainedPeaks	explainedIntensity	medianMassErrorFragmentPeaks(ppm)	medianAbsoluteMassErrorFragmentPeaks(ppm)	massErrorPrecursor(ppm)	lipidClass
1	C7H10O5	[M - H]-	C7H10O5	124.10774329517787	121.0517390975013	3.0560041976765775	28	0.9538860053075244	-1.6336673479592725	2.6038770237997326	1.1732856227516653	
2	C5H8N3O4	[M - H]-	C5H8N3O4	51.44882050356779	50.374038008978	1.0747824945897921	20	0.6450080978769904	-3.3510948278583355	4.480331809229499	8.932412905611377	
3	C8H6N4O	[M - H]-	C8H6N4O	5.918634269232292	4.114361178027206	1.804273091205086	11	0.23212369263190755	12.138809186497777	12.138809186497777	-6.555260152054104	
4	C8H14S2	[M - H]-	C8H14S2	-0.916826585267847	-0.916826585267847	0.0	1	0.0	-3.906457965742932	3.906457965742932	-3.848669553905289	
5	C6H4N7	[M - H]-	C6H4N7	-1.9702203116537667	-3.687454994698318	1.7172346830445515	3	0.03750146347174523	12.688866145013753	12.688866145013753	1.203867130641364	
6	C2H7N8P	[M - H]-	C2H7N8P	-6.576330111705197	-6.576330111705197	0.0	5	0.09686719481735871	12.688866145013753	12.688866145013753	-0.5917620599585425	
7	C4H9N5OP	[M - H]-	C4H9N5OP	-6.6011705211376	-7.585509629798093	0.984339108660492	9	0.2057421753044021	-4.918007816581354	11.403033566861032	-8.350889342489767	
