rank	molecularFormula	adduct	precursorFormula	SiriusScore	TreeScore	IsotopeScore	numExplainedPeaks	explainedIntensity	medianMassErrorFragmentPeaks(ppm)	medianAbsoluteMassErrorFragmentPeaks(ppm)	massErrorPrecursor(ppm)	lipidClass
1	C5H8O3	[M - H]-	C5H8O3	41.38084004808203	36.67499314221838	4.705846905863646	6	0.9119067162377478	-4.242772078710619	4.242772078710619	2.8019384369958424	
2	C3H6N3O2	[M - H]-	C3H6N3O2	15.229419377975747	13.09482804691501	2.134591331060737	5	0.8988621183590039	13.806510487968144	13.806510487968144	14.473352276897725	
