rank	molecularFormula	adduct	precursorFormula	SiriusScore	TreeScore	IsotopeScore	numExplainedPeaks	explainedIntensity	medianMassErrorFragmentPeaks(ppm)	medianAbsoluteMassErrorFragmentPeaks(ppm)	massErrorPrecursor(ppm)	lipidClass
1	C8H16O5	[M - H]-	C8H16O5	130.95927814224083	125.9609464357228	4.998331706518023	39	0.9215490257133023	1.383874998666694	2.7741098394928607	1.5324497097245795	
2	C6H14N3O4	[M - H]-	C6H14N3O4	50.405139137882266	47.52582785288078	2.8793112850014873	27	0.5309739589308247	0.5979630324688661	2.847733978031506	8.558795392405338	
3	C9H12N4O	[M - H]-	C9H12N4O	18.336697613844798	14.437668241820592	3.899029372024206	17	0.14665104311771743	-1.7691231112675665	2.847733978031506	-5.466202620437095	
4	C7H10N7	[M - H]-	C7H10N7	-0.11396316299525822	-3.7344358288228303	3.620472665827572	4	0.034095937330995266	13.481820122592753	13.481820122592753	1.5601430620949324	
5	C5H15N5OP	[M - H]-	C5H15N5OP	-6.238231456164598	-9.112661724139118	2.8744302679745197	8	0.043576590897917045	-3.7349252957895223	3.7349252957895223	-7.092250363948673	
6	C3H13N8P	[M - H]-	C3H13N8P	-6.743447690069134	-6.743447690069134	0.0	4	0.034095937330995266	13.481820122592753	13.481820122592753	-0.06590468156537918	
