rank	molecularFormula	adduct	precursorFormula	SiriusScore	TreeScore	IsotopeScore	numExplainedPeaks	explainedIntensity	medianMassErrorFragmentPeaks(ppm)	medianAbsoluteMassErrorFragmentPeaks(ppm)	massErrorPrecursor(ppm)	lipidClass
1	C10H16O5	[M - H]-	C10H16O5	76.30758206056454	72.90812926652646	3.3994527940380763	21	0.9177223714899436	2.11030799785691	2.750438072940561	0.7570694906702906	
2	C8H14N3O4	[M - H]-	C8H14N3O4	37.31747108557938	35.660227163158034	1.6572439224213424	17	0.30956550096059093	2.217201489028389	3.057886157776531	6.9994210428242365	
3	C11H12N4O	[M - H]-	C11H12N4O	10.306115145381238	7.977802836553765	2.328312308827472	8	0.21096137077393146	0.8412275567095276	3.2504117350419133	-5.460678711479404	
4	C11H20S2	[M - H]-	C11H20S2	-0.9159593348808188	-0.9159593348808188	0.0	1	0.0	-3.3715142744783173	3.3715142744783173	-3.2831799535040718	
5	C9H10N7	[M - H]-	C9H10N7	-1.1970905021718155	-3.6620328002694382	2.4649422980976228	2	0.008510623214399646	7.1349345005516325	7.1349345005516325	0.7816728405424055	
6	C7H15N5OP	[M - H]-	C7H15N5OP	-1.4900944023797091	-3.108009776218026	1.6179153738383167	7	0.20287255687336503	0.6057434112627977	3.057886157776531	-6.905293325389669	
7	CH14N9O2S	[M - H]-	CH14N9O2S	-4.343645274132578	-4.343645274132578	0.0	6	0.10126259224863353	4.313330337721412	4.313330337721412	3.8112136905197627	
8	C5H13N8P	[M - H]-	C5H13N8P	-5.02768310665816	-5.5283005349321375	0.500617428273977	1	0.0	-0.7512758630180425	0.7512758630180425	-0.6629417734999974	
9	CH16N9P2	[M - H]-	CH16N9P2	-9.56825641240588	-9.56825641240588	0.0	1	0.0	-2.1958906045369404	2.1958906045369404	-2.107556387410263	
