rank	molecularFormula	adduct	precursorFormula	SiriusScore	TreeScore	IsotopeScore	numExplainedPeaks	explainedIntensity	medianMassErrorFragmentPeaks(ppm)	medianAbsoluteMassErrorFragmentPeaks(ppm)	massErrorPrecursor(ppm)	lipidClass
1	C8H12O4	[M - H]-	C8H12O4	61.09347636012078	58.04371491239966	3.049761447721123	16	0.8500003268251547	1.4546366279543534	2.9021399432986477	2.2072570455497753	
2	C6H10N3O3	[M - H]-	C6H10N3O3	6.952419724191039	5.882100315531499	1.0703194086595398	10	0.1377960218842124	-2.6787271159045796	3.9473922167199205	10.0561505704945	
3	C9H8N4	[M - H]-	C9H8N4	2.669064584051878	0.5355098683474178	2.1335547157044603	2	0.0032290325321759363	-10.899895491047843	10.899895491047843	-5.6107011701666805	
4	C5H11N5P	[M - H]-	C5H11N5P	-7.515619489898684	-8.859182512040736	1.3435630221420518	1	0.0	-7.473869947814161	7.473869947814161	-7.4271042028163725	
