rank	molecularFormula	adduct	precursorFormula	SiriusScore	TreeScore	IsotopeScore	numExplainedPeaks	explainedIntensity	medianMassErrorFragmentPeaks(ppm)	medianAbsoluteMassErrorFragmentPeaks(ppm)	massErrorPrecursor(ppm)	lipidClass
1	C10H16O6	[M - H]-	C10H16O6	210.10375585302822	206.67460642218398	3.4291494308442427	50	0.9563892668462702	1.9423504606853748	2.4460179353300124	0.38176054767459644	
2	C8H14N3O5	[M - H]-	C8H14N3O5	147.80931628902863	145.74715159025047	2.0621646987781643	42	0.6601950562742146	1.9423504606853748	2.717894242722866	6.192044530925526	
3	C11H12N4O2	[M - H]-	C11H12N4O2	113.53063678433648	111.51824153263004	2.0123952517064305	36	0.7152383336554434	1.0781338885054712	2.7836049485397765	-5.405623019201999	
4	C7H15N5O2P	[M - H]-	C7H15N5O2P	68.60092223014594	66.65068987992501	1.95023235022093	31	0.5161079022565459	0.31642105970714435	1.9878299500421943	-6.75024789077339	
5	C9H10N7O	[M - H]-	C9H10N7O	35.70815914787706	33.236386568498	2.471772579379061	21	0.42751022430563557	1.048167453383845	2.2257200850322802	0.40466096404893015	
6	C5H13N8OP	[M - H]-	C5H13N8OP	11.422709287295177	10.260984647567994	1.161724639727182	13	0.20229014069526569	-1.7028747054754845	1.7028747054754845	-0.9399639073994696	
7	CH16N9OP2	[M - H]-	CH16N9OP2	1.4000322627220303	1.4000322627220303	0.0	3	0.13530067176249772	-2.0861017503498775	2.0861017503498775	-2.28458877897086	
8	C7H8N10	[M - H]-	C7H8N10	0.04932652369478596	-0.961579094549252	1.010905618244038	6	0.06353921165512472	4.0614247434654835	6.30273518534154	6.214944947422851	
9	C3H11N11P	[M - H]-	C3H11N11P	-13.138725585949222	-13.138725585949222	0.0	3	0.011167938030266274	13.543448468703284	13.543448468703284	4.870320075974451	
