rank	molecularFormula	adduct	precursorFormula	SiriusScore	TreeScore	IsotopeScore	numExplainedPeaks	explainedIntensity	medianMassErrorFragmentPeaks(ppm)	medianAbsoluteMassErrorFragmentPeaks(ppm)	massErrorPrecursor(ppm)	lipidClass
1	C6H10O4	[M - H]-	C6H10O4	34.78452540122796	32.019792456756456	2.7647329444715036	4	0.9331375688100884	2.5368770367657874	2.5368770367657874	2.8104044654217164	
2	C7H6N4	[M - H]-	C7H6N4	2.2590136047331058	0.5663267068038726	1.692686897929233	1	0.0	-6.292542283691245	6.292542283691245	-6.409743145944419	
3	C4H8N3O3	[M - H]-	C4H8N3O3	-3.8740366657012744	-4.581010743350913	0.7069740776496389	1	0.0	12.184234483196397	12.184234483196397	12.067035786423766	
4	C3H9N5P	[M - H]-	C3H9N5P	-8.891135175128152	-9.68207663481455	0.7909414596863968	1	0.0	-8.434725914998763	8.434725914998763	-8.551927028316126	
