rank	molecularFormula	adduct	precursorFormula	SiriusScore	TreeScore	IsotopeScore	numExplainedPeaks	explainedIntensity	medianMassErrorFragmentPeaks(ppm)	medianAbsoluteMassErrorFragmentPeaks(ppm)	massErrorPrecursor(ppm)	lipidClass
1	C7H12O3	[M - H]-	C7H12O3	66.15893953261538	61.03290372479853	5.126035807816846	9	0.6621225590646095	1.2817984919616592	1.9019459616434138	1.9724948343528395	
2	C5H10N3O2	[M - H]-	C5H10N3O2	3.9585124162451026	1.373932027011965	2.5845803892331376	3	0.1592861017357763	1.2817984919616592	9.691308460904596	11.357191243316455	
