rank	molecularFormula	adduct	precursorFormula	SiriusScore	TreeScore	IsotopeScore	numExplainedPeaks	explainedIntensity	medianMassErrorFragmentPeaks(ppm)	medianAbsoluteMassErrorFragmentPeaks(ppm)	massErrorPrecursor(ppm)	lipidClass
1	C6H8O3	[M - H]-	C6H8O3	37.580456179328664	34.80242823917609	2.7780279401525765	5	0.92879552815621	-5.721271320160696	5.721271320160696	3.0882766841052076	
2	C4H6N3O2	[M - H]-	C4H6N3O2	6.366944709329996	5.577699533126383	0.7892451762036132	3	0.07013894174256453	14.032897351220212	14.032897351220212	13.657224560864307	
