rank	molecularFormula	adduct	precursorFormula	SiriusScore	TreeScore	IsotopeScore	numExplainedPeaks	explainedIntensity	medianMassErrorFragmentPeaks(ppm)	medianAbsoluteMassErrorFragmentPeaks(ppm)	massErrorPrecursor(ppm)	lipidClass
1	C16H30O3	[M - H]-	C16H30O3	16.755205485739857	13.154745387730518	3.600460098009339	5	0.8778382358957576	-6.096254897608384	6.096254897608384	0.7861155985788005	
2	C14H28N3O2	[M - H]-	C14H28N3O2	1.579388642488368	-0.9617188069253988	2.541107449413767	4	0.7731456858814385	4.005018800261501	8.47277348177079	5.773567329570275	
3	C19H28N	[M - H]-	C19H28N	-4.484850136366614	-4.637220604487716	0.15237046812110244	1	0.0	-9.224849119438876	9.224849119438876	-9.169130524517886	
4	C2H22N16	[M - H]-	C2H22N16	-7.055704113737402	-7.055704113737402	0.0	1	0.0	-6.103923214152165	6.103923214152165	-6.048204793123179	
