rank	molecularFormula	adduct	precursorFormula	SiriusScore	TreeScore	IsotopeScore	numExplainedPeaks	explainedIntensity	medianMassErrorFragmentPeaks(ppm)	medianAbsoluteMassErrorFragmentPeaks(ppm)	massErrorPrecursor(ppm)	lipidClass
1	C8H14O2	[M - H2O - H]-	C8H12O	21.31690190620666	18.551280621123198	2.7656212850834634	4	0.5587213303399181	3.7084879112155376	3.7084879112155376	-146326.23911241486	
2	C6H12N3O	[M - H2O - H]-	C6H10N3	-4.117828442470197	-4.603888542609843	0.4860601001396465	2	0.0	14.617345864061695	14.617345864061695	-146315.33025313253	
