rank	molecularFormula	adduct	precursorFormula	SiriusScore	TreeScore	IsotopeScore	numExplainedPeaks	explainedIntensity	medianMassErrorFragmentPeaks(ppm)	medianAbsoluteMassErrorFragmentPeaks(ppm)	massErrorPrecursor(ppm)	lipidClass
1	C9H14O5	[M - H2O - H]-	C9H12O4	124.95606989693643	119.51201437092156	5.444055526014864	27	0.9282134495878112	2.2498632486403514	2.9579958175754806	-98381.50660948083	
2	C7H12N3O4	[M - H2O - H]-	C7H10N3O3	64.80733963165046	61.85427878664416	2.953060845006303	22	0.4600511560968385	1.247248886916665	3.1673793897434463	-98374.17220327679	
3	C10H10N4O	[M - H2O - H]-	C10H8N4	4.408121312284594	0.442223584900574	3.96589772738402	3	0.007556246283224383	-6.404852671290264	6.404852671290264	-98388.81210815517	
4	C6H13N5OP	[M - H2O - H]-	C6H11N5P	-6.1397860777378765	-8.961816643833348	2.8220305660954716	2	0.0	-7.863426570225793	7.863426570225793	-98390.50944773917	
