rank	molecularFormula	adduct	precursorFormula	SiriusScore	TreeScore	IsotopeScore	numExplainedPeaks	explainedIntensity	medianMassErrorFragmentPeaks(ppm)	medianAbsoluteMassErrorFragmentPeaks(ppm)	massErrorPrecursor(ppm)	lipidClass
1	C15H22O2	[M - H]-	C15H22O2	6.965772596933933	3.4194490870063983	3.5463235099275345	1	0.0	0.9714917482071034	0.9714917482071034	1.1001614142367186	
2	C8H22N6S	[M - H]-	C8H22N6S	-0.3763752570056378	-1.540023898879259	1.1636486418736212	1	0.0	-1.9697284953893102	1.9697284953893102	-1.841058450913501	
3	C13H20N3O	[M - H]-	C13H20N3O	-2.0830900438052966	-4.296456938471926	2.2133668946666294	1	0.0	6.7302548162148055	6.7302548162148055	6.8589237412655795	
4	C11H25NO2P	[M - H]-	C11H25NO2P	-2.412532781679926	-5.2438455043695145	2.8313127226895887	1	0.0	-0.36121007374988356	0.36121007374988356	-0.23254023624180348	
5	C9H23N4OP	[M - H]-	C9H23N4OP	-3.4865615709683375	-4.133878425014148	0.6473168540458099	1	0.0	5.397552994257818	5.397552994257818	5.526222090787058	
6	C10H24N3OS	[M - H]-	C10H24N3OS	-4.384271996800521	-6.036471635960654	1.6521996391601328	1	0.0	-7.728491563275112	7.728491563275112	-7.599820777820462	
