rank	molecularFormula	adduct	precursorFormula	SiriusScore	TreeScore	IsotopeScore	numExplainedPeaks	explainedIntensity	medianMassErrorFragmentPeaks(ppm)	medianAbsoluteMassErrorFragmentPeaks(ppm)	massErrorPrecursor(ppm)	lipidClass
1	C7H10O3	[M - H]-	C7H10O3	42.99341100725571	40.1338619551696	2.8595490520861073	9	0.9419172249052292	0.8453101240300273	2.3367842768846767	2.780964897945257	
2	C5H8N3O2	[M - H]-	C5H8N3O2	-0.2666930280235267	-1.0361829175744273	0.7694898895509006	6	0.0532706721365391	-0.7457370764273248	3.8785534663203953	12.299758518296047	
