rank	molecularFormula	adduct	precursorFormula	SiriusScore	TreeScore	IsotopeScore	numExplainedPeaks	explainedIntensity	medianMassErrorFragmentPeaks(ppm)	medianAbsoluteMassErrorFragmentPeaks(ppm)	massErrorPrecursor(ppm)	lipidClass
1	C9H14O5	[M - H2O - H]-	C9H12O4	133.6547742145824	130.42440489082944	3.2303693237529587	30	0.9606307893416494	2.3116281235423015	3.3660242693201026	-98381.20661432417	
2	C7H12N3O4	[M - H2O - H]-	C7H10N3O3	72.77745603563379	71.4544424839601	1.323013551673694	25	0.5650959931062257	1.0847152741852688	3.4649495976160147	-98373.87221012333	
3	C10H10N4O	[M - H2O - H]-	C10H8N4	2.5563678613639307	0.4781292184444106	2.07823864291952	2	0.0	-5.832872787433333	5.832872787433333	-98388.51211100319	
4	C6H13N5OP	[M - H2O - H]-	C6H11N5P	-7.361479173186636	-8.922351263745961	1.5608720905593252	2	0.0	-7.53021179674211	7.53021179674211	-98390.20945012361	
5	H12N9O2S	[M - H2O - H]-	H10N9OS	-9.453618276759617	-9.453618276759617	0.0	6	0.22805253127960062	-1.735297637225182	2.6507623471539112	-98377.61817047217	
