rank	molecularFormula	adduct	precursorFormula	SiriusScore	TreeScore	IsotopeScore	numExplainedPeaks	explainedIntensity	medianMassErrorFragmentPeaks(ppm)	medianAbsoluteMassErrorFragmentPeaks(ppm)	massErrorPrecursor(ppm)	lipidClass
1	C13H25NO3	[M - H]-	C13H25NO3	24.105117059646364	20.560964783695205	3.5441522759511583	5	0.829101312025254	1.2213907450735042	1.2213907450735042	1.1677109419962775	
2	C11H23N4O2	[M - H]-	C11H23N4O2	-2.1175983102387397	-4.30095418463926	2.1833558744005206	1	0.0	6.7656289561150915	6.7656289561150915	6.711949450651844	
3	C16H23N2	[M - H]-	C16H23N2	-3.6863483237785335	-4.729536563719057	1.043188239940523	1	0.0	-9.845233842711131	9.845233842711131	-9.898914239843313	
