rank	molecularFormula	adduct	precursorFormula	SiriusScore	TreeScore	IsotopeScore	numExplainedPeaks	explainedIntensity	medianMassErrorFragmentPeaks(ppm)	medianAbsoluteMassErrorFragmentPeaks(ppm)	massErrorPrecursor(ppm)	lipidClass
1	C9H14O5	[M - H]-	C9H14O5	102.68126011122895	97.25502468607021	5.426235425158734	26	0.9469414143771026	1.4282463428590044	3.037540027028742	1.2577468570939152	
2	C7H12N3O4	[M - H]-	C7H12N3O4	47.48111665127983	44.532122909018945	2.948993742260879	21	0.8444117132357233	0.8246978711222698	3.736370496461081	7.935205404128466	
3	C10H10N4O	[M - H]-	C10H10N4O	11.001599445446075	6.77084989783901	4.230749547607065	9	0.15231192517840134	-2.015939389862594	3.736370496461081	-5.393393426959293	
4	C8H8N7	[M - H]-	C8H8N7	-0.17225322078711525	-3.703778926519596	3.5315257057324807	4	0.06566334169437478	13.573287205122245	13.573287205122245	1.2840651199339095	
5	C6H13N5OP	[M - H]-	C6H13N5OP	-1.4040185834673018	-4.2608549499463315	2.8568363664790297	7	0.11447821268156101	-5.030605321678868	5.030605321678868	-6.938701172002523	
6	C4H11N8P	[M - H]-	C4H11N8P	-6.150376444743142	-6.150376444743142	0.0	4	0.06566334169437478	13.573287205122245	13.573287205122245	-0.2612426252506677	
7	H14N9P2	[M - H]-	H14N9P2	-9.881241674262878	-9.881241674262878	0.0	1	0.0	-1.9109881214578743	1.9109881214578743	-1.8065503702938976	
