rank	molecularFormula	adduct	precursorFormula	SiriusScore	TreeScore	IsotopeScore	numExplainedPeaks	explainedIntensity	medianMassErrorFragmentPeaks(ppm)	medianAbsoluteMassErrorFragmentPeaks(ppm)	massErrorPrecursor(ppm)	lipidClass
1	C6H10O5	[M - H2O - H]-	C6H8O4	51.807097692010856	48.96652665522663	2.840571036784225	12	0.9667812064557152	1.5846897802150537	2.719338903991775	-125914.70055230727	
1	C6H8O4	[M - H]-	C6H8O4	51.807097692010856	48.96652665522663	2.840571036784225	11	0.9667812064557152	1.5846897802150537	2.719338903991775	2.2212425221970653	
2	C7H4N4	[M - H]-	C7H4N4	2.226595455152344	0.5059741215701608	1.7206213335821832	1	0.0	-7.128840988531921	7.128840988531921	-7.128840988531921	
3	C4H6N3O3	[M - H]-	C4H6N3O3	-3.679892498264893	-4.4210094697576565	0.741116971492763	6	0.10970792353792666	0.7675686430970856	6.911943593634634	11.608323893074889	
3	C4H8N3O4	[M - H2O - H]-	C4H6N3O3	-3.679892498264893	-4.4210094697576565	0.741116971492763	7	0.10970792353792666	0.7675686430970856	6.911943593634634	-125905.3134709364	
4	C3H9N5OP	[M - H2O - H]-	C3H7N5P	-8.881101073609676	-9.532527807550712	0.6514267339410373	4	0.050710913296987244	13.927193138252434	13.927193138252434	-125926.22300865191	
4	C3H7N5P	[M - H]-	C3H7N5P	-8.881101073609676	-9.532527807550712	0.6514267339410373	3	0.050710913296987244	13.927193138252434	13.927193138252434	-9.301213822435535	
