rank	molecularFormula	adduct	precursorFormula	SiriusScore	TreeScore	IsotopeScore	numExplainedPeaks	explainedIntensity	medianMassErrorFragmentPeaks(ppm)	medianAbsoluteMassErrorFragmentPeaks(ppm)	massErrorPrecursor(ppm)	lipidClass
1	C5H8O5	[M - H]-	C5H8O5	67.83871044842488	65.15720069261137	2.681509755813508	8	0.9566126820462083	-1.2442333256174356	3.1392106444768966	2.3335069747976256	
2	C3H6N3O4	[M - H]-	C3H6N3O4	19.70676318828125	19.399884512117602	0.3068786761636506	5	0.5591487441198423	11.560750555294467	11.560750555294467	11.465533148514822	
3	C6H4N4O	[M - H]-	C6H4N4O	8.896917281623699	7.216016621119783	1.6809006605039163	2	0.07560016664062907	-6.723102262130698	6.723102262130698	-6.762526603128898	
4	C6H12S2	[M - H]-	C6H12S2	-0.8351132586122387	-0.8351132586122387	0.0	1	0.0	-3.481813405854005	3.481813405854005	-3.57703224496414	
5	C4H2N7	[M - H]-	C4H2N7	-3.6048232413545613	-4.670472689782115	1.0656494484275538	1	0.0	2.4647178432852974	2.4647178432852974	2.369499570394993	
6	H5N8P	[M - H]-	H5N8P	-7.292006231406074	-7.292006231406074	0.0	1	0.0	0.351370477505517	0.351370477505517	0.2561520033854303	
7	C2H7N5OP	[M - H]-	C2H7N5OP	-8.156957320126207	-8.156957320126207	0.0	2	0.04878144039993751	2.327805010298758	11.108459836972617	-8.875874170331766	
