rank	molecularFormula	adduct	precursorFormula	SiriusScore	TreeScore	IsotopeScore	numExplainedPeaks	explainedIntensity	medianMassErrorFragmentPeaks(ppm)	medianAbsoluteMassErrorFragmentPeaks(ppm)	massErrorPrecursor(ppm)	lipidClass
1	C6H10O3	[M - H]-	C6H10O3	70.20213190596913	65.54524696060349	4.656884945365628	9	0.9668263690945479	-1.7220552718067985	3.7368091136923516	3.1945176920852436	
2	C4H8N3O2	[M - H]-	C4H8N3O2	37.776135471663075	35.41551605568751	2.3606194159755627	7	0.92499545151313	-4.688063758388565	5.176561023153208	13.59839389679942	
