rank	molecularFormula	adduct	precursorFormula	SiriusScore	TreeScore	IsotopeScore	numExplainedPeaks	explainedIntensity	medianMassErrorFragmentPeaks(ppm)	medianAbsoluteMassErrorFragmentPeaks(ppm)	massErrorPrecursor(ppm)	lipidClass
1	C16H30O3	[M - H]-	C16H30O3	7.088338937434084	3.440951745223403	3.6473871922106813	1	0.0	0.7192539493420744	0.7192539493420744	0.7489702391128574	
2	C14H28N3O2	[M - H]-	C14H28N3O2	-1.6123687843853078	-4.170411604639024	2.558042820253716	1	0.0	5.706706013803059	5.706706013803059	5.736422155365164	
3	C19H28N	[M - H]-	C19H28N	-4.315077867543802	-4.638851880013558	0.3237740124697559	1	0.0	-9.23599283937931	9.23599283937931	-9.206276253775316	
4	C2H22N16	[M - H]-	C2H22N16	-7.057067228417922	-7.057067228417922	0.0	1	0.0	-6.115066899314197	6.115066899314197	-6.085350406452609	
