rank	molecularFormula	adduct	precursorFormula	SiriusScore	TreeScore	IsotopeScore	numExplainedPeaks	explainedIntensity	medianMassErrorFragmentPeaks(ppm)	medianAbsoluteMassErrorFragmentPeaks(ppm)	massErrorPrecursor(ppm)	lipidClass
1	C7H10O2	[M - H]-	C7H10O2	53.85823868515777	50.915306264540504	2.94293242061727	10	0.9999999999999998	1.3629533654148414	2.599930789088198	2.693819123432167	
1	C7H12O3	[M - H2O - H]-	C7H10O2	53.85823868515777	50.915306264540504	2.94293242061727	11	0.9999999999999998	1.3629533654148414	2.599930789088198	-144011.3834873842	
2	C5H8N3O	[M - H]-	C5H8N3O	-1.3332249692553608	-2.118532231740245	0.785307262484884	4	0.28002194309701767	5.385761903417851	7.968041739920038	13.430039823226851	
2	C5H10N3O2	[M - H2O - H]-	C5H8N3O	-1.3332249692553608	-2.118532231740245	0.785307262484884	5	0.28002194309701767	5.385761903417851	7.968041739920038	-144000.64726668462	
