rank	molecularFormula	adduct	precursorFormula	SiriusScore	TreeScore	IsotopeScore	numExplainedPeaks	explainedIntensity	medianMassErrorFragmentPeaks(ppm)	medianAbsoluteMassErrorFragmentPeaks(ppm)	massErrorPrecursor(ppm)	lipidClass
1	C7H12O3	[M - H2O - H]-	C7H10O2	55.91163995189591	52.98437779204325	2.9272621598526563	12	1.0	1.690411763827498	2.9177089608709603	-144011.10905894637	
1	C7H10O2	[M - H]-	C7H10O2	55.91163995189591	52.98437779204325	2.9272621598526563	11	1.0	1.690411763827498	2.9177089608709603	2.9337010883534025	
2	C5H8N3O	[M - H]-	C5H8N3O	3.653966369845879	2.8773642190127147	0.7766021508331642	5	0.35321156187912583	-1.6185880930123457	4.659837542279629	13.669919212715433	
2	C5H10N3O2	[M - H2O - H]-	C5H8N3O	3.653966369845879	2.8773642190127147	0.7766021508331642	6	0.35321156187912583	-1.6185880930123457	4.659837542279629	-144000.37284082227	
