rank	molecularFormula	adduct	precursorFormula	SiriusScore	TreeScore	IsotopeScore	numExplainedPeaks	explainedIntensity	medianMassErrorFragmentPeaks(ppm)	medianAbsoluteMassErrorFragmentPeaks(ppm)	massErrorPrecursor(ppm)	lipidClass
1	C5H6O3	[M - H]-	C5H6O3	36.42767255470889	33.82911959386554	2.5985529608433486	7	0.8990405568022898	-5.631551383214291	5.631551383214291	3.914183928639634	
2	C3H4N3O2	[M - H]-	C3H4N3O2	4.64513950797593	4.317641617692887	0.32749789028304255	5	0.1773376264350994	13.807945575976339	13.807945575976339	15.79372972054515	
