rank	molecularFormula	adduct	precursorFormula	SiriusScore	TreeScore	IsotopeScore	numExplainedPeaks	explainedIntensity	medianMassErrorFragmentPeaks(ppm)	medianAbsoluteMassErrorFragmentPeaks(ppm)	massErrorPrecursor(ppm)	lipidClass
1	C7H12O4	[M - H]-	C7H12O4	70.76562954730053	67.8294093075064	2.936220239794138	14	0.969408956279563	-0.28962300437586674	2.4942547967443174	1.8079731683629212	
2	C5H10N3O3	[M - H]-	C5H10N3O3	18.00270512551866	16.855531192773025	1.1471739327456338	9	0.6782414570531806	-1.5874504613653964	4.819717943421787	10.248992547908987	
3	C8H8N4	[M - H]-	C8H8N4	1.9117604441493428	0.48511178160892277	1.42664866254042	1	0.0	-6.63749742813282	6.63749742813282	-6.59977712123076	
4	C4H11N5P	[M - H]-	C4H11N5P	-8.29230601652327	-9.543054816083627	1.2507487995603572	1	0.0	-8.590931212050185	8.590931212050185	-8.553210831464494	
