rank	molecularFormula	adduct	precursorFormula	SiriusScore	TreeScore	IsotopeScore	numExplainedPeaks	explainedIntensity	medianMassErrorFragmentPeaks(ppm)	medianAbsoluteMassErrorFragmentPeaks(ppm)	massErrorPrecursor(ppm)	lipidClass
1	C10H18O5	[M - H]-	C10H18O5	41.06468753090924	37.89954775868826	3.1651397722209818	9	1.0	0.6852257368815067	4.682785681522275	0.9800455890491425	
2	C8H16N3O4	[M - H]-	C8H16N3O4	16.554583747398397	15.440237250402143	1.1143464969962538	8	0.8971428405034099	0.023472933043267363	5.966766659479015	7.1644412521545195	
3	C11H14N4O	[M - H]-	C11H14N4O	10.28363988351289	7.621965483640687	2.6616743998722034	5	0.4755574838826154	-3.3748760533405706	5.105764432669193	-5.1799751490311206	
4	C11H22S2	[M - H]-	C11H22S2	-0.8977998295655787	-0.8977998295655787	0.0	1	0.0	-3.1931153069573517	3.1931153069573517	-3.022692951332191	
5	C9H12N7	[M - H]-	C9H12N7	-1.240845082169154	-3.6739485300819963	2.4331034479128424	2	0.15720783418457973	7.345529699723352	7.345529699723352	1.0044205139433466	
6	C5H15N8P	[M - H]-	C5H15N8P	-5.797015323686542	-5.797015323686542	0.0	1	0.0	-0.5972037721856741	0.5972037721856741	-0.4267818589604594	
7	C7H17N5OP	[M - H]-	C7H17N5OP	-6.235810154736463	-7.285340913901118	1.0495307591646559	5	0.4755574838826154	-4.935542724848668	4.935542724848668	-6.6111775218040165	
