rank	molecularFormula	adduct	precursorFormula	SiriusScore	TreeScore	IsotopeScore	numExplainedPeaks	explainedIntensity	medianMassErrorFragmentPeaks(ppm)	medianAbsoluteMassErrorFragmentPeaks(ppm)	massErrorPrecursor(ppm)	lipidClass
1	C5H8O3	[M - H]-	C5H8O3	45.77379700857578	43.11320258614412	2.6605944224316542	6	0.846164904531019	-5.315800377932709	5.315800377932709	2.888864177725097	
2	C3H6N3O2	[M - H]-	C3H6N3O2	24.778613898848995	24.267471849916973	0.5111420489320238	5	0.7484153848164459	13.755675210808187	13.755675210808187	14.560277003077843	
