rank	molecularFormula	adduct	precursorFormula	SiriusScore	TreeScore	IsotopeScore	numExplainedPeaks	explainedIntensity	medianMassErrorFragmentPeaks(ppm)	medianAbsoluteMassErrorFragmentPeaks(ppm)	massErrorPrecursor(ppm)	lipidClass
1	C7H12O4	[M - H2O - H]-	C7H10O3	43.39268196709679	40.6007474370284	2.7919345300683873	9	0.9656727142087299	1.4387069276962026	2.89764764724229	-127680.18996619419	
1	C7H10O3	[M - H]-	C7H10O3	43.39268196709679	40.6007474370284	2.7919345300683873	8	0.9656727142087299	1.4387069276962026	2.89764764724229	3.4190066835123196	
2	C5H10N3O3	[M - H2O - H]-	C5H8N3O2	11.94361008621757	10.92891200674822	1.0146980794693499	6	0.859122208251003	-1.8308253806631793	4.420507890374811	-127670.67117864704	
2	C5H8N3O2	[M - H]-	C5H8N3O2	11.94361008621757	10.92891200674822	1.0146980794693499	5	0.859122208251003	-1.8308253806631793	4.420507890374811	12.937794230458142	
