rank	molecularFormula	adduct	precursorFormula	SiriusScore	TreeScore	IsotopeScore	numExplainedPeaks	explainedIntensity	medianMassErrorFragmentPeaks(ppm)	medianAbsoluteMassErrorFragmentPeaks(ppm)	massErrorPrecursor(ppm)	lipidClass
1	C8H14O3	[M - H2O - H]-	C8H12O2	35.68361244516713	32.66748541195322	3.0161270332139027	7	1.0	2.278806244684567	2.278806244684567	-129497.87517427	
1	C8H12O2	[M - H]-	C8H12O2	35.68361244516713	32.66748541195322	3.0161270332139027	6	1.0	2.278806244684567	2.278806244684567	2.9252033051878725	
2	C6H12N3O2	[M - H2O - H]-	C6H10N3O	-2.5540117852513116	-3.553934699004408	0.9999229137530965	4	0.36928874679461443	1.2312455513269664	1.2312455513269664	-129488.2209154668	
2	C6H10N3O	[M - H]-	C6H10N3O	-2.5540117852513116	-3.553934699004408	0.9999229137530965	3	0.36928874679461443	1.2312455513269664	1.2312455513269664	12.579462108614416	
