rank	molecularFormula	adduct	precursorFormula	SiriusScore	TreeScore	IsotopeScore	numExplainedPeaks	explainedIntensity	medianMassErrorFragmentPeaks(ppm)	medianAbsoluteMassErrorFragmentPeaks(ppm)	massErrorPrecursor(ppm)	lipidClass
1	C6H8O4	[M - H]-	C6H8O4	45.0495241325999	40.14753180833702	4.901992324262881	5	0.9370957001522071	1.8965338982202655	1.9765481648061773	2.081417189723162	
2	C7H4N4	[M - H]-	C7H4N4	4.085524713715383	0.4857667796138001	3.599757934101583	1	0.0	-7.3735376338405665	7.3735376338405665	-7.268667628387263	
3	C4H6N3O3	[M - H]-	C4H6N3O3	-1.8974517525477341	-4.481303011159218	2.583851258611484	1	0.0	11.363631832654947	11.363631832654947	11.468499873155675	
4	C3H7N5P	[M - H]-	C3H7N5P	-8.131358555541663	-9.554765049920121	1.4234064943784577	1	0.0	-9.545910999312737	9.545910999312737	-9.441040766044306	
