rank	molecularFormula	adduct	precursorFormula	SiriusScore	TreeScore	IsotopeScore	numExplainedPeaks	explainedIntensity	medianMassErrorFragmentPeaks(ppm)	medianAbsoluteMassErrorFragmentPeaks(ppm)	massErrorPrecursor(ppm)	lipidClass
1	C7H10O3	[M - H2O - H]-	C7H8O2	28.191330336903675	25.57180173198944	2.619528604914238	6	0.9657057208722638	1.095461065130949	2.2750819450515403	-146369.9233975502	
2	C5H8N3O2	[M - H2O - H]-	C5H6N3O	1.3007085227285318	1.1185215908319432	0.18218693189658852	3	0.8145909531528741	5.9762471085774855	8.251329053629025	-146359.01130849065	
