rank	molecularFormula	adduct	precursorFormula	SiriusScore	TreeScore	IsotopeScore	numExplainedPeaks	explainedIntensity	medianMassErrorFragmentPeaks(ppm)	medianAbsoluteMassErrorFragmentPeaks(ppm)	massErrorPrecursor(ppm)	lipidClass
1	C8H16O4	[M - H]-	C8H16O4	90.89777661389488	87.79351809013176	3.104258523763115	12	0.8692817982941713	1.928528830606361	3.2910475397865397	1.641710950184212	
2	C6H14N3O3	[M - H]-	C6H14N3O3	27.97864012761791	26.927796549732854	1.0508435778850578	8	0.4588909456455312	0.4082991885651259	3.9984863533383557	9.309902459355175	
3	C9H12N4	[M - H]-	C9H12N4	2.664162397576814	0.4774714938635305	2.1866909037132833	1	0.0	-6.10476886696979	6.10476886696979	-5.9962574613228705	
4	C5H15N5P	[M - H]-	C5H15N5P	-8.156019382423892	-9.314571495621564	1.158552113197671	1	0.0	-7.879353753275756	7.879353753275756	-7.770842155067311	
