rank	molecularFormula	adduct	precursorFormula	SiriusScore	TreeScore	IsotopeScore	numExplainedPeaks	explainedIntensity	medianMassErrorFragmentPeaks(ppm)	medianAbsoluteMassErrorFragmentPeaks(ppm)	massErrorPrecursor(ppm)	lipidClass
1	C8H14O6	[M - H]-	C8H14O6	74.33317158534228	69.04176628390182	5.291405301440461	19	0.9317393990355742	1.136859755583264	1.9677621510203676	0.3817398359661402	
2	C6H12N3O5	[M - H]-	C6H12N3O5	38.78200717067842	35.40402507788093	3.3779820927974917	16	0.9075172035076281	2.658919304994365	5.147820081120877	6.929123425929049	
3	C9H10N4O2	[M - H]-	C9H10N4O2	23.29134150291414	19.443457155731515	3.847884347182624	11	0.8276260017503819	-1.333147913669579	3.1964921132398243	-6.139838163288148	
4	C7H8N7O	[M - H]-	C7H8N7O	8.628922741378506	4.651180527594916	3.97774221378359	4	0.4690980385427213	0.6773399358071395	4.281841698866333	0.40754542667476135	
5	C5H13N5O2P	[M - H]-	C5H13N5O2P	2.3340843768263113	-0.6436314737795161	2.9777158506058274	7	0.37438865340723837	-4.477387358986821	4.477387358986821	-7.655043761527543	
6	C5H6N10	[M - H]-	C5H6N10	-1.3583720049184556	-1.5231350731772513	0.16476306825879572	1	0.0	6.959805322746259	6.959805322746259	6.954929016776264	
7	C3H11N8OP	[M - H]-	C3H11N8OP	-5.574539557611374	-6.2614219958469075	0.6868824382355339	2	0.004007001527293945	-0.9108084803027965	0.9108084803027965	-1.107660171426041	
8	CH9N11P	[M - H]-	CH9N11P	-13.686457858122733	-13.686457858122733	0.0	1	0.0	5.444599732034114	5.444599732034114	5.439723418675461	
