rank	molecularFormula	adduct	precursorFormula	SiriusScore	TreeScore	IsotopeScore	numExplainedPeaks	explainedIntensity	medianMassErrorFragmentPeaks(ppm)	medianAbsoluteMassErrorFragmentPeaks(ppm)	massErrorPrecursor(ppm)	lipidClass
1	C7H6O3	[M - H]-	C7H6O3	26.920203891162338	24.046754140409455	2.8734497507528824	3	0.9062052163943825	2.8272259941949764	2.8272259941949764	2.790736352529772	
2	C3H9NO3P	[M - H]-	C3H9NO3P	13.291629562865053	13.245725666192683	0.045903896672368716	3	0.9062052163943825	0.5595635807417786	1.9746311407250423	0.5230738563301516	
3	CH7N4O2P	[M - H]-	CH7N4O2P	-2.4463326172386806	-2.4463326172386806	0.0	1	0.0	10.35840255743597	10.35840255743597	10.321913190581476	
4	H6N6OS	[M - H]-	H6N6OS	-3.839875190181865	-3.839875190181865	0.0	1	0.0	-2.1774153188162324	2.1774153188162324	-2.213905143099521	
5	C5H4N3O2	[M - H]-	C5H4N3O2	-3.950411120937959	-4.5544601731299394	0.6040490521919804	1	0.0	12.626064970681748	12.626064970681748	12.589575686573678	
6	C2H8N3O2S	[M - H]-	C2H8N3O2S	-6.181575061714606	-6.181575061714606	0.0	1	0.0	-11.976254295510424	11.976254295510424	-12.012744477350846	
