rank	molecularFormula	adduct	precursorFormula	SiriusScore	TreeScore	IsotopeScore	numExplainedPeaks	explainedIntensity	medianMassErrorFragmentPeaks(ppm)	medianAbsoluteMassErrorFragmentPeaks(ppm)	massErrorPrecursor(ppm)	lipidClass
1	C9H14O3	[M - H2O - H]-	C9H12O2	86.02861501052229	82.89560691090867	3.133008099613622	13	0.9093339229994348	1.4349443615087427	2.774639205015658	-119212.03710581604	
2	C7H12N3O2	[M - H2O - H]-	C7H10N3O	39.84563132485705	38.717359481326184	1.1282718435308696	9	0.8151396771578093	0.2562154524044017	3.016481739675206	-119203.14968137705	
