rank	molecularFormula	adduct	precursorFormula	SiriusScore	TreeScore	IsotopeScore	numExplainedPeaks	explainedIntensity	medianMassErrorFragmentPeaks(ppm)	medianAbsoluteMassErrorFragmentPeaks(ppm)	massErrorPrecursor(ppm)	lipidClass
1	C6H10O4	[M - H]-	C6H10O4	76.57945092944308	73.85184708089794	2.7276038485451415	14	0.9667484605376357	-1.959079153400487	2.6339427124115353	2.2588757119090603	
2	C4H8N3O3	[M - H]-	C4H8N3O3	14.701764249895568	13.744605789797387	0.9571584600981811	8	0.5576095847159888	-3.029377631512607	7.245187531461802	11.51551213822379	
3	C7H6N4	[M - H]-	C7H6N4	1.5941324669987762	0.496727456657041	1.0974050103417352	1	0.0	-7.140525613163447	7.140525613163447	-6.961276984647886	
4	C3H9N5P	[M - H]-	C3H9N5P	-8.802007537355623	-9.758762943768703	0.9567554064130808	3	0.06029437317500075	13.402704120190542	13.402704120190542	-9.103462048498919	
