rank	molecularFormula	adduct	precursorFormula	SiriusScore	TreeScore	IsotopeScore	numExplainedPeaks	explainedIntensity	medianMassErrorFragmentPeaks(ppm)	medianAbsoluteMassErrorFragmentPeaks(ppm)	massErrorPrecursor(ppm)	lipidClass
1	C8H12O	[M - H]-	C8H12O	22.773996193633334	22.773996193633334	0.0	4	0.7856511655886856	-1.1632284558283574	2.7000178068268355	3.91160374634342	
2	C6H10N3	[M - H]-	C6H10N3	-4.616928209439105	-4.616928209439105	0.0	1	0.0	14.763587678330376	14.763587678330376	14.820459483419567	
