rank	molecularFormula	adduct	precursorFormula	SiriusScore	TreeScore	IsotopeScore	numExplainedPeaks	explainedIntensity	medianMassErrorFragmentPeaks(ppm)	medianAbsoluteMassErrorFragmentPeaks(ppm)	massErrorPrecursor(ppm)	lipidClass
1	C8H10O3	[M - H2O - H]-	C8H8O2	16.81295683879415	14.076789223787525	2.7361676150066243	5	0.8195554712147449	2.152031733407811	2.152031733407811	-133362.98055634566	
2	C4H13NO3P	[M - H2O - H]-	C4H11NO2P	3.1473922819650557	3.1473922819650557	0.0	5	0.8195554712147449	-0.9213810193955181	1.6781361817438403	-133365.28145271685	
3	CH10N6OS	[M - H2O - H]-	CH8N6S	-2.90739601013232	-2.90739601013232	0.0	2	0.0	-1.553577935385548	1.553577935385548	-133368.05854368975	
4	C6H8N3O2	[M - H2O - H]-	C6H6N3O	-4.18659852291726	-4.6180235470467785	0.4314250241295192	2	0.0	13.466856380324337	13.466856380324337	-133353.03810948547	
5	C2H11N4O2P	[M - H2O - H]-	C2H9N4OP	-4.7640667759148245	-4.7640667759148245	0.0	2	0.0	11.165959992117253	11.165959992117253	-133355.33900585643	
6	C3H12N3O2S	[M - H2O - H]-	C3H10N3OS	-6.041046796995285	-6.041046796995285	0.0	2	0.0	-11.496024869225216	11.496024869225216	-133378.00099055018	
