rank	molecularFormula	adduct	precursorFormula	SiriusScore	TreeScore	IsotopeScore	numExplainedPeaks	explainedIntensity	medianMassErrorFragmentPeaks(ppm)	medianAbsoluteMassErrorFragmentPeaks(ppm)	massErrorPrecursor(ppm)	lipidClass
1	C6H10O5	[M - H]-	C6H10O5	98.28981360482217	98.28981360482217	0.0	20	0.9221468807633708	-1.5213953818022152	2.555193341662795	2.1921209452960158	
2	C4H8N3O4	[M - H]-	C4H8N3O4	22.302069713448397	22.302069713448397	0.0	11	0.6145056531152272	-4.682785681522275	4.805410336640092	10.529396219040464	
3	C7H6N4O	[M - H]-	C7H6N4O	4.409405581277358	4.409405581277358	0.0	5	0.17419413038248738	-6.161969716348615	6.161969716348615	-6.112294131465302	
4	C7H14S2	[M - H]-	C7H14S2	-0.8409627147330292	-0.8409627147330292	0.0	1	0.0	-3.25370553038844	3.25370553038844	-3.204030089973961	
5	C5H4N7	[M - H]-	C5H4N7	-3.7548863549932854	-3.7548863549932854	0.0	3	0.06571245289070643	13.313532699271533	13.313532699271533	2.2249811421026644	
6	CH7N8P	[M - H]-	CH7N8P	-6.857167195770417	-6.857167195770417	0.0	1	0.0	0.24588078610471933	0.24588078610471933	0.2955560526762723	
7	C3H9N5OP	[M - H]-	C3H9N5OP	-9.493685726416585	-9.493685726416585	0.0	4	0.15380182022291716	13.56873237910354	13.56873237910354	-8.041719220715212	
