rank	molecularFormula	adduct	precursorFormula	SiriusScore	TreeScore	IsotopeScore	numExplainedPeaks	explainedIntensity	medianMassErrorFragmentPeaks(ppm)	medianAbsoluteMassErrorFragmentPeaks(ppm)	massErrorPrecursor(ppm)	lipidClass
1	C9H16O2	[M - H]-	C9H16O2	54.4009388909838	51.28217428562649	3.118764605357316	13	0.9639548961090155	-1.2934340183691961	4.196078104951433	2.5575708983273038	
2	C7H14N3O	[M - H]-	C7H14N3O	15.861737078014173	14.42692917272442	1.4348079052897509	8	0.7739596824145507	7.632370727106373	10.738408016097754	11.214008358305525	
