rank	molecularFormula	adduct	precursorFormula	SiriusScore	TreeScore	IsotopeScore	numExplainedPeaks	explainedIntensity	medianMassErrorFragmentPeaks(ppm)	medianAbsoluteMassErrorFragmentPeaks(ppm)	massErrorPrecursor(ppm)	lipidClass
1	C9H16O2	[M - H2O - H]-	C9H14O	20.34131233446758	18.860632791657043	1.4806795428105397	4	0.5134042046176658	0.393832839569682	2.38796515141493	-131367.88085263566	
2	C7H14N3O	[M - H2O - H]-	C7H12N3	3.041650069975459	2.3431887166187106	0.6984613533567485	3	0.30359365070959543	13.067953811387142	13.067953811387142	-131358.0872122829	
