rank	molecularFormula	adduct	precursorFormula	SiriusScore	TreeScore	IsotopeScore	numExplainedPeaks	explainedIntensity	medianMassErrorFragmentPeaks(ppm)	medianAbsoluteMassErrorFragmentPeaks(ppm)	massErrorPrecursor(ppm)	lipidClass
1	C9H16O3	[M - H2O - H]-	C9H14O2	49.55057157734947	46.41285151704691	3.137720060302562	14	0.9615511594392768	0.9999019941924244	2.6782100707738397	-117642.24613919365	
1	C9H14O2	[M - H]-	C9H14O2	49.55057157734947	46.41285151704691	3.137720060302562	13	0.9615511594392768	0.9999019941924244	2.6782100707738397	2.7223021121151434	
2	C7H12N3O	[M - H]-	C7H12N3O	12.137559710806716	11.038818016985488	1.0987416938212275	9	0.22392244202803616	-1.8353251250002895	2.9203554364390043	11.492711012614794	
2	C7H14N3O2	[M - H2O - H]-	C7H12N3O	12.137559710806716	11.038818016985488	1.0987416938212275	10	0.22392244202803616	-1.8353251250002895	2.9203554364390043	-117633.47573029336	
