rank	molecularFormula	adduct	precursorFormula	SiriusScore	TreeScore	IsotopeScore	numExplainedPeaks	explainedIntensity	medianMassErrorFragmentPeaks(ppm)	medianAbsoluteMassErrorFragmentPeaks(ppm)	massErrorPrecursor(ppm)	lipidClass
1	C6H10O5	[M - H]-	C6H10O5	69.32045161613048	66.4653944340663	2.855057182064188	9	0.9413810782825492	-1.1033815448646673	2.4309804473923653	1.9437450336182052	
2	C4H8N3O4	[M - H]-	C4H8N3O4	22.30481919865125	21.622246323620164	0.6825728750310853	7	0.6267379087792668	-3.6831813060500007	4.749111606178058	10.28102237814554	
3	C7H6N4O	[M - H]-	C7H6N4O	12.281186754394312	10.42529457725455	1.8558921771397614	4	0.06415308676726349	-6.670933860463416	6.670933860463416	-6.3606721057643	
4	C7H14S2	[M - H]-	C7H14S2	-0.8615232601483211	-0.8615232601483211	0.0	1	0.0	-3.514501674239892	3.514501674239892	-3.4524073419286427	
5	C5H4N7	[M - H]-	C5H4N7	-2.304995061733988	-3.735869059273181	1.430873997539193	1	0.0	1.9145112433850513	1.9145112433850513	1.976605238586553	
6	CH7N8P	[M - H]-	CH7N8P	-6.842203466193888	-6.842203466193888	0.0	1	0.0	-0.014914445071085636	0.014914445071085636	0.04717966993639476	
7	C3H9N5OP	[M - H]-	C3H9N5OP	-7.5477602115649205	-8.104055813110945	0.5562956015460245	3	0.021644064218431135	0.87220089492099	8.352192306941339	-8.290097674237977	
