rank	molecularFormula	adduct	precursorFormula	SiriusScore	TreeScore	IsotopeScore	numExplainedPeaks	explainedIntensity	medianMassErrorFragmentPeaks(ppm)	medianAbsoluteMassErrorFragmentPeaks(ppm)	massErrorPrecursor(ppm)	lipidClass
1	C5H8O2	[M - H]-	C5H8O2	12.995194231206142	12.995194231206142	0.0	3	1.0	-3.496466494484273	3.496466494484273	1.5846897802150537	
2	C3H6N3O	[M - H]-	C3H6N3O	-2.1077570889530755	-2.1077570889530755	0.0	2	0.4607237422771403	14.78378984423351	14.78378984423351	15.140950041381593	
