rank	molecularFormula	adduct	precursorFormula	SiriusScore	TreeScore	IsotopeScore	numExplainedPeaks	explainedIntensity	medianMassErrorFragmentPeaks(ppm)	medianAbsoluteMassErrorFragmentPeaks(ppm)	massErrorPrecursor(ppm)	lipidClass
1	C9H14O4	[M - H]-	C9H14O4	74.660120258543	69.29597003277068	5.364150225772321	10	0.9515271778315162	1.255240259702172	2.589595617440809	1.3914039515563579	
2	C7H12N3O3	[M - H]-	C7H12N3O3	32.34003931373335	29.610724380898198	2.72931493283515	7	0.8817944578789871	1.2163305320909867	3.4364959966166513	8.64593233166641	
3	C10H10N4	[M - H]-	C10H10N4	4.7067492005956275	0.4605189965328176	4.24623020406281	1	0.0	-5.931786392891721	5.931786392891721	-5.834531725896852	
4	C6H13N5P	[M - H]-	C6H13N5P	-6.307656841467365	-8.94171320714295	2.634056365675585	1	0.0	-7.610640691236857	7.610640691236857	-7.513385860966541	
