rank	molecularFormula	adduct	precursorFormula	SiriusScore	TreeScore	IsotopeScore	numExplainedPeaks	explainedIntensity	medianMassErrorFragmentPeaks(ppm)	medianAbsoluteMassErrorFragmentPeaks(ppm)	massErrorPrecursor(ppm)	lipidClass
1	C7H10O2	[M - H]-	C7H10O2	96.91811559642575	94.05034067753206	2.867774918893694	14	0.9301899101561094	1.1722690366151745	2.688992808656029	2.9337010883534025	
2	C5H8N3O	[M - H]-	C5H8N3O	4.9600499111571965	4.357086410070094	0.6029635010871024	5	0.10933318265175604	-1.2332780462584068	2.4282924021013415	13.669919212715433	
