rank	molecularFormula	adduct	precursorFormula	SiriusScore	TreeScore	IsotopeScore	numExplainedPeaks	explainedIntensity	medianMassErrorFragmentPeaks(ppm)	medianAbsoluteMassErrorFragmentPeaks(ppm)	massErrorPrecursor(ppm)	lipidClass
1	C16H30O3	[M - H]-	C16H30O3	7.223612084643058	3.4428316812196478	3.7807804034234103	1	0.0	0.696966731013333	0.696966731013333	0.8604063094431618	
2	C14H28N3O2	[M - H]-	C14H28N3O2	-1.8387543536052249	-4.1677542077264365	2.3289998541212116	1	0.0	5.684418906630831	5.684418906630831	5.84785766991301	
3	C19H28N	[M - H]-	C19H28N	-3.4052791194940033	-4.642117380867921	1.2368382613739175	1	0.0	-9.25828027958297	9.25828027958297	-9.094839074070633	
4	C2H22N16	[M - H]-	C2H22N16	-7.059796248468001	-7.059796248468001	0.0	1	0.0	-6.137354269961049	6.137354269961049	-5.973913574531898	
